{"posts":{"items":[{"id":"3","fileName":"acne-and-pimple-treatment-the-most-effective-methods.html","name":"acne-and-pimple-treatment-the-most-effective-methods","publicUrl":"np://user.desktop.nicepage.com/Site_33505731/blog/acne-and-pimple-treatment-the-most-effective-methods.html","size":6529,"title":"Acne and Pimple Treatment: The Most Effective Methods","created":1739859919816,"updated":1740036137886,"featured":"image1.png","excerpt":"Acne is a common skin problem that often appears during adolescence but is also frequently seen in adults. Acne, which occurs due to the overactivity of sebaceous glands, clogged pores, and the proliferation of bacteria, can be physically and psychologica..."},{"id":"5","fileName":"eczema-and-psoriasis-symptoms-and-treatment-methods.html","name":"eczema-and-psoriasis-symptoms-and-treatment-methods","publicUrl":"np://user.desktop.nicepage.com/Site_33505731/blog/eczema-and-psoriasis-symptoms-and-treatment-methods.html","size":6690,"title":"Eczema and Psoriasis: Symptoms and Treatment Methods","created":1739859919833,"updated":1740036045541,"featured":"BLOG_Egzama.jpg","excerpt":"Eczema and psoriasis are chronic skin disorders that can affect a person's quality of life both physically and psychologically. Although these conditions share similar symptoms, they arise from different causes and require different treatment methods. In ..."},{"id":"6","fileName":"effects-of-the-sun-on-the-skin-and-choosing-sunscreen.html","name":"effects-of-the-sun-on-the-skin-and-choosing-sunscreen","publicUrl":"np://user.desktop.nicepage.com/Site_33505731/blog/effects-of-the-sun-on-the-skin-and-choosing-sunscreen.html","size":6967,"title":"Effects of the Sun on the Skin and Choosing Sunscreen","created":1739859919840,"updated":1740034533288,"featured":"image.png","excerpt":"January 31, 2025While the sun is essential for vitamin D synthesis, prolonged and unprotected exposure can pose serious risks to skin health. The harmful UV (ultraviolet) rays from the sun can lead to issues such as premature aging, pigmentation, and even..."},{"id":"1","fileName":"hair-loss-and-hair-transplantation-solution-suggestions.html","name":"hair-loss-and-hair-transplantation-solution-suggestions","publicUrl":"np://user.desktop.nicepage.com/Site_33505731/blog/hair-loss-and-hair-transplantation-solution-suggestions.html","size":5558,"title":"Hair Loss and Hair Transplantation: Solution Suggestions","created":1739859919798,"updated":1740034379750,"featured":"BLOG_SAC.jpg","excerpt":"January 31, 2025Hair loss is a common problem that can affect self-esteem in both men and women. Genetic factors, hormonal changes, stress, and environmental influences are among the primary causes of hair loss. In this article, we will discuss the causes..."},{"id":"4","fileName":"skin-aging-and-fighting-wrinkles.html","name":"skin-aging-and-fighting-wrinkles","publicUrl":"np://user.desktop.nicepage.com/Site_33505731/blog/skin-aging-and-fighting-wrinkles.html","size":6562,"title":"Skin Aging and Fighting Wrinkles","created":1739859919826,"updated":1740036207533,"featured":"BLOG_Yaslilik.jpg","excerpt":"Skin aging is a natural process that occurs over time as the skin loses elasticity, moisture balance is disrupted, and collagen production decreases. Fine lines and wrinkles, which become more pronounced especially after the age of 30, are a concern for m..."},{"id":"2","fileName":"skin-spots-and-laser-spot-treatment.html","name":"skin-spots-and-laser-spot-treatment","publicUrl":"np://user.desktop.nicepage.com/Site_33505731/blog/skin-spots-and-laser-spot-treatment.html","size":6869,"title":"Skin Spots and Laser Spot Treatment","created":1739859919808,"updated":1740035988597,"featured":"BLOG_LekeBen.jpg","excerpt":"Skin spots, especially when they occur on the face, can negatively impact a person's self-esteem and are a common skin problem. Factors such as sun exposure, hormonal changes, acne scars, and aging can lead to skin pigmentation. In this article, we will d..."}]},"categories":[]}