[{"id":924109753,"title":"Blog Template","order":1,"templateKey":"blog","customTemplate":false,"customTemplateFilename":null,"pageLinks":["197495934","59264055","965608172","1310604363","724930088"],"dateCreated":"2025-02-18T06:25:17.611Z","dateUpdated":"2025-02-20T10:27:34.956Z","folderId":null,"pageName":"Blog Template","serverPageId":null,"sectionCount":2,"status":2,"backwardUrl":null},{"id":1311610290,"title":"Post Template","order":2,"templateKey":"post","customTemplate":false,"customTemplateFilename":null,"pageLinks":["197495934","59264055","965608172","1310604363","724930088"],"dateCreated":"2025-02-18T06:25:17.825Z","dateUpdated":"2025-02-20T09:09:16.383Z","folderId":null,"pageName":"Post Template","serverPageId":null,"sectionCount":2,"status":2,"backwardUrl":null},{"id":38432646,"title":"Product List Template","order":3,"templateKey":"products","customTemplate":false,"customTemplateFilename":null,"pageLinks":[],"dateCreated":"2025-02-18T06:25:18.017Z","dateUpdated":"2025-02-18T06:25:19.679Z","folderId":null,"pageName":"Product List Template","serverPageId":null,"sectionCount":1,"status":2,"backwardUrl":null},{"id":34230600,"title":"Product Details Template","order":4,"templateKey":"product","customTemplate":false,"customTemplateFilename":null,"pageLinks":[],"dateCreated":"2025-02-18T06:25:18.306Z","dateUpdated":"2025-02-18T06:25:19.679Z","folderId":null,"pageName":"Product Details Template","serverPageId":null,"sectionCount":1,"status":2,"backwardUrl":null},{"id":2503517521,"title":"Shopping Cart Template","order":5,"templateKey":"cart","customTemplate":false,"customTemplateFilename":null,"pageLinks":[],"dateCreated":"2025-02-18T06:25:18.515Z","dateUpdated":"2025-02-18T06:25:19.680Z","folderId":null,"pageName":"Shopping Cart Template","serverPageId":null,"sectionCount":1,"status":2,"backwardUrl":null},{"id":1910217233,"title":"Checkout Template","order":6,"templateKey":"checkout","customTemplate":false,"customTemplateFilename":null,"pageLinks":[],"dateCreated":"2025-02-18T06:25:18.756Z","dateUpdated":"2025-02-18T06:25:19.680Z","folderId":null,"pageName":"Checkout Template","serverPageId":null,"sectionCount":1,"status":2,"backwardUrl":null},{"id":62649039,"title":"Login Template","order":7,"templateKey":"login","customTemplate":false,"customTemplateFilename":null,"pageLinks":[],"dateCreated":"2025-02-18T06:25:18.887Z","dateUpdated":"2025-02-18T06:25:19.680Z","folderId":null,"pageName":"Login Template","serverPageId":null,"sectionCount":1,"status":2,"backwardUrl":null},{"id":1212110494,"title":"Search Page Template","order":8,"templateKey":"Search","customTemplate":false,"customTemplateFilename":null,"pageLinks":[],"dateCreated":"2025-02-18T06:25:18.977Z","dateUpdated":"2025-02-18T06:25:19.680Z","folderId":null,"pageName":"Search Page Template","serverPageId":null,"sectionCount":1,"status":2,"backwardUrl":null},{"id":364507041,"title":"Page Password Template","order":9,"templateKey":"password","customTemplate":false,"customTemplateFilename":null,"pageLinks":[],"dateCreated":"2025-02-18T06:25:19.091Z","dateUpdated":"2025-02-18T06:25:19.680Z","folderId":null,"pageName":"Page Password Template","serverPageId":null,"sectionCount":1,"status":2,"backwardUrl":null},{"id":167414365,"title":"404 Not Found Template","order":10,"templateKey":"404","customTemplate":false,"customTemplateFilename":null,"pageLinks":[],"dateCreated":"2025-02-18T06:25:19.173Z","dateUpdated":"2025-02-18T06:25:19.680Z","folderId":null,"pageName":"404 Not Found Template","serverPageId":null,"sectionCount":1,"status":2,"backwardUrl":null},{"id":66186434,"title":"Thank You Page Template","order":11,"templateKey":"ThankYou","customTemplate":false,"customTemplateFilename":null,"pageLinks":[],"dateCreated":"2025-02-18T06:25:19.243Z","dateUpdated":"2025-02-18T06:25:19.681Z","folderId":null,"pageName":"Thank You Page Template","serverPageId":null,"sectionCount":1,"status":2,"backwardUrl":null},{"id":176664011,"title":"EN SSS_Hakkinda","order":103,"templateKey":null,"customTemplate":false,"customTemplateFilename":null,"pageLinks":["197495934","59264055","965608172","1310604363","724930088"],"dateCreated":"2025-01-26T13:46:15.264Z","dateUpdated":"2025-02-20T09:59:40.897Z","folderId":null,"pageName":"EN SSS_Hakkinda_176664011","serverPageId":null,"sectionCount":4,"status":2,"backwardUrl":null},{"id":965608172,"title":"EN SSS_Muayene","order":104,"templateKey":null,"customTemplate":false,"customTemplateFilename":null,"pageLinks":["197495934","59264055","965608172","1310604363","724930088"],"dateCreated":"2025-01-27T15:02:22.447Z","dateUpdated":"2025-02-20T10:00:41.091Z","folderId":null,"pageName":"EN SSS_Muayene_965608172","serverPageId":null,"sectionCount":4,"status":2,"backwardUrl":null},{"id":818315757,"title":"EN SSS_iletisim","order":105,"templateKey":null,"customTemplate":false,"customTemplateFilename":null,"pageLinks":["197495934","59264055","965608172","1310604363","724930088"],"dateCreated":"2025-02-04T20:12:37.368Z","dateUpdated":"2025-02-20T10:01:13.920Z","folderId":null,"pageName":"EN SSS_iletisim_818315757","serverPageId":null,"sectionCount":3,"status":2,"backwardUrl":null},{"id":1037006732,"title":"EN SSS_Benler","order":106,"templateKey":null,"customTemplate":false,"customTemplateFilename":null,"pageLinks":[],"dateCreated":"2025-01-26T15:12:52.960Z","dateUpdated":"2025-02-19T10:27:07.170Z","folderId":null,"pageName":"EN SSS_Benler_1037006732","serverPageId":null,"sectionCount":5,"status":2,"backwardUrl":null},{"id":724930088,"title":"EN SSS_VLOG","order":107,"templateKey":null,"customTemplate":false,"customTemplateFilename":null,"pageLinks":["197495934","310303808","873918735","1072718343","25533878","892301088","46417600","289807831","3015910974","277619326"],"dateCreated":"2025-01-26T20:12:52.413Z","dateUpdated":"2025-02-20T06:09:09.135Z","folderId":null,"pageName":"EN SSS_VLOG_724930088","serverPageId":null,"sectionCount":2,"status":2,"backwardUrl":null},{"id":1310604363,"title":"EN SSS","order":108,"templateKey":null,"customTemplate":false,"customTemplateFilename":null,"pageLinks":["197495934","59264055","965608172","1310604363","724930088"],"dateCreated":"2025-01-26T13:56:35.423Z","dateUpdated":"2025-02-20T10:22:42.924Z","folderId":null,"pageName":"EN SSS_1310604363","serverPageId":null,"sectionCount":4,"status":2,"backwardUrl":null},{"id":59264055,"title":"EN Anasayfa","order":109,"templateKey":null,"customTemplate":false,"customTemplateFilename":null,"pageLinks":["197495934","176664011","59264055","965608172","1310604363","724930088","4","3"],"dateCreated":"2025-01-14T10:16:42.843Z","dateUpdated":"2025-02-20T10:25:57.867Z","folderId":null,"pageName":"EN Anasayfa_59264055","serverPageId":null,"sectionCount":7,"status":2,"backwardUrl":null}]