[{"id":924109753,"title":"Blog Template","order":1,"templateKey":"blog","customTemplate":false,"customTemplateFilename":null,"pageLinks":["197495934","268212837","3804446","41249134","87288663","56181277","161849635","59264055","965608172","1310604363","724930088"],"dateCreated":"2025-02-18T06:25:17.611Z","dateUpdated":"2025-02-26T16:21:30.882Z","folderId":null,"pageName":"Blog Template","serverPageId":null,"sectionCount":2,"status":2,"backwardUrl":null},{"id":1311610290,"title":"Post Template","order":2,"templateKey":"post","customTemplate":false,"customTemplateFilename":null,"pageLinks":["197495934","268212837","3804446","41249134","87288663","56181277","161849635","59264055","965608172","1310604363","724930088"],"dateCreated":"2025-02-18T06:25:17.825Z","dateUpdated":"2025-02-26T16:20:39.158Z","folderId":null,"pageName":"Post Template","serverPageId":null,"sectionCount":2,"status":2,"backwardUrl":null},{"id":38432646,"title":"Product List Template","order":3,"templateKey":"products","customTemplate":false,"customTemplateFilename":null,"pageLinks":[],"dateCreated":"2025-02-18T06:25:18.017Z","dateUpdated":"2025-02-18T06:25:19.679Z","folderId":null,"pageName":"Product List Template","serverPageId":null,"sectionCount":1,"status":2,"backwardUrl":null},{"id":34230600,"title":"Product Details Template","order":4,"templateKey":"product","customTemplate":false,"customTemplateFilename":null,"pageLinks":[],"dateCreated":"2025-02-18T06:25:18.306Z","dateUpdated":"2025-02-18T06:25:19.679Z","folderId":null,"pageName":"Product Details Template","serverPageId":null,"sectionCount":1,"status":2,"backwardUrl":null},{"id":2503517521,"title":"Shopping Cart Template","order":5,"templateKey":"cart","customTemplate":false,"customTemplateFilename":null,"pageLinks":[],"dateCreated":"2025-02-18T06:25:18.515Z","dateUpdated":"2025-02-18T06:25:19.680Z","folderId":null,"pageName":"Shopping Cart Template","serverPageId":null,"sectionCount":1,"status":2,"backwardUrl":null},{"id":1910217233,"title":"Checkout Template","order":6,"templateKey":"checkout","customTemplate":false,"customTemplateFilename":null,"pageLinks":[],"dateCreated":"2025-02-18T06:25:18.756Z","dateUpdated":"2025-02-18T06:25:19.680Z","folderId":null,"pageName":"Checkout Template","serverPageId":null,"sectionCount":1,"status":2,"backwardUrl":null},{"id":62649039,"title":"Login Template","order":7,"templateKey":"login","customTemplate":false,"customTemplateFilename":null,"pageLinks":[],"dateCreated":"2025-02-18T06:25:18.887Z","dateUpdated":"2025-02-18T06:25:19.680Z","folderId":null,"pageName":"Login Template","serverPageId":null,"sectionCount":1,"status":2,"backwardUrl":null},{"id":1212110494,"title":"Search Page Template","order":8,"templateKey":"Search","customTemplate":false,"customTemplateFilename":null,"pageLinks":[],"dateCreated":"2025-02-18T06:25:18.977Z","dateUpdated":"2025-02-18T06:25:19.680Z","folderId":null,"pageName":"Search Page Template","serverPageId":null,"sectionCount":1,"status":2,"backwardUrl":null},{"id":364507041,"title":"Page Password Template","order":9,"templateKey":"password","customTemplate":false,"customTemplateFilename":null,"pageLinks":[],"dateCreated":"2025-02-18T06:25:19.091Z","dateUpdated":"2025-02-18T06:25:19.680Z","folderId":null,"pageName":"Page Password Template","serverPageId":null,"sectionCount":1,"status":2,"backwardUrl":null},{"id":167414365,"title":"404 Not Found Template","order":10,"templateKey":"404","customTemplate":false,"customTemplateFilename":null,"pageLinks":[],"dateCreated":"2025-02-18T06:25:19.173Z","dateUpdated":"2025-02-18T06:25:19.680Z","folderId":null,"pageName":"404 Not Found Template","serverPageId":null,"sectionCount":1,"status":2,"backwardUrl":null},{"id":66186434,"title":"Thank You Page Template","order":11,"templateKey":"ThankYou","customTemplate":false,"customTemplateFilename":null,"pageLinks":[],"dateCreated":"2025-02-18T06:25:19.243Z","dateUpdated":"2025-02-18T06:25:19.681Z","folderId":null,"pageName":"Thank You Page Template","serverPageId":null,"sectionCount":1,"status":2,"backwardUrl":null},{"id":176664011,"title":"EN SSS_Hakkinda","order":103,"templateKey":null,"customTemplate":false,"customTemplateFilename":null,"pageLinks":["197495934","59264055","965608172","1310604363","724930088"],"dateCreated":"2025-01-26T13:46:15.264Z","dateUpdated":"2025-02-20T09:59:40.897Z","folderId":null,"pageName":"EN SSS_Hakkinda_176664011","serverPageId":null,"sectionCount":4,"status":2,"backwardUrl":null},{"id":965608172,"title":"EN SSS_Muayene","order":104,"templateKey":null,"customTemplate":false,"customTemplateFilename":null,"pageLinks":["197495934","268212837","3804446","41249134","87288663","56181277","161849635","59264055","965608172","1310604363","724930088"],"dateCreated":"2025-01-27T15:02:22.447Z","dateUpdated":"2025-02-26T15:42:12.109Z","folderId":null,"pageName":"EN SSS_Muayene_965608172","serverPageId":null,"sectionCount":4,"status":2,"backwardUrl":null},{"id":818315757,"title":"EN SSS_iletisim","order":105,"templateKey":null,"customTemplate":false,"customTemplateFilename":null,"pageLinks":["197495934","268212837","3804446","41249134","87288663","56181277","161849635","59264055","965608172","1310604363","724930088"],"dateCreated":"2025-02-04T20:12:37.368Z","dateUpdated":"2025-05-05T03:48:45.120Z","folderId":null,"pageName":"EN SSS_iletisim_818315757","serverPageId":null,"sectionCount":3,"status":2,"backwardUrl":null},{"id":1037006732,"title":"EN SSS_Benler","order":106,"templateKey":null,"customTemplate":false,"customTemplateFilename":null,"pageLinks":[],"dateCreated":"2025-01-26T15:12:52.960Z","dateUpdated":"2025-02-19T10:27:07.170Z","folderId":null,"pageName":"EN SSS_Benler_1037006732","serverPageId":null,"sectionCount":5,"status":2,"backwardUrl":null},{"id":724930088,"title":"EN SSS_VLOG","order":107,"templateKey":null,"customTemplate":false,"customTemplateFilename":null,"pageLinks":["197495934","310303808","873918735","1072718343","25533878","892301088","46417600","289807831","3015910974","277619326"],"dateCreated":"2025-01-26T20:12:52.413Z","dateUpdated":"2025-02-20T06:09:09.135Z","folderId":null,"pageName":"EN SSS_VLOG_724930088","serverPageId":null,"sectionCount":2,"status":2,"backwardUrl":null},{"id":1310604363,"title":"EN SSS","order":108,"templateKey":null,"customTemplate":false,"customTemplateFilename":null,"pageLinks":["197495934","59264055","965608172","1310604363","724930088"],"dateCreated":"2025-01-26T13:56:35.423Z","dateUpdated":"2025-02-20T10:22:42.924Z","folderId":null,"pageName":"EN SSS_1310604363","serverPageId":null,"sectionCount":4,"status":2,"backwardUrl":null},{"id":59264055,"title":"EN Anasayfa","order":109,"templateKey":null,"customTemplate":false,"customTemplateFilename":null,"pageLinks":["197495934","176664011","268212837","3804446","41249134","87288663","56181277","161849635","59264055","965608172","1310604363","724930088","4","3"],"dateCreated":"2025-01-14T10:16:42.843Z","dateUpdated":"2025-05-01T12:01:25.465Z","folderId":null,"pageName":"EN Anasayfa_59264055","serverPageId":null,"sectionCount":7,"status":2,"backwardUrl":null},{"id":107477544,"title":"APPLICATIONS","order":110,"templateKey":null,"customTemplate":false,"customTemplateFilename":null,"pageLinks":["197495934","268212837","3804446","41249134","87288663","56181277","161849635","59264055","965608172","1310604363","724930088","108455198","231256310","2277808884","321815110","853317550","65650715","1343828211","95176468","224248446","1697919023","136475364","59805848","13291768","5541072","24131181","40271578","301509352","2542710156","189789756","741723726","78514387","125144607","37462107","1250006473","64769380"],"dateCreated":"2025-01-31T09:04:54.558Z","dateUpdated":"2025-05-01T11:59:18.683Z","folderId":null,"pageName":"APPLICATIONS_107477544","serverPageId":null,"sectionCount":6,"status":2,"backwardUrl":null},{"id":268212837,"title":"AD","order":111,"templateKey":null,"customTemplate":false,"customTemplateFilename":null,"pageLinks":["197495934","867018198","59264055","965608172","1310604363","724930088"],"dateCreated":"2025-02-12T09:58:24.241Z","dateUpdated":"2025-02-21T15:58:09.865Z","folderId":null,"pageName":"AD_268212837","serverPageId":null,"sectionCount":11,"status":2,"backwardUrl":null},{"id":3804446,"title":"AM","order":112,"templateKey":null,"customTemplate":false,"customTemplateFilename":null,"pageLinks":["197495934","867018198","59264055","965608172","1310604363","724930088","108455198","231256310","2277808884","321815110","853317550","65650715","1343828211","95176468"],"dateCreated":"2025-02-01T06:25:17.688Z","dateUpdated":"2025-02-22T01:59:36.494Z","folderId":null,"pageName":"AM_3804446","serverPageId":null,"sectionCount":2,"status":2,"backwardUrl":null},{"id":108455198,"title":"AMEB","order":113,"templateKey":null,"customTemplate":false,"customTemplateFilename":null,"pageLinks":["197495934","107477544","3804446","34369534","59264055","965608172","1310604363","724930088","108455198","231256310","2277808884","321815110","853317550","65650715","1343828211","95176468"],"dateCreated":"2025-01-14T12:54:41.686Z","dateUpdated":"2025-02-22T02:43:17.831Z","folderId":null,"pageName":"AMEB_108455198","serverPageId":null,"sectionCount":5,"status":2,"backwardUrl":null},{"id":231256310,"title":"AMEF","order":114,"templateKey":null,"customTemplate":false,"customTemplateFilename":null,"pageLinks":["197495934","107477544","3804446","34369534","59264055","965608172","1310604363","724930088","108455198","231256310","2277808884","321815110","853317550","65650715","1343828211","95176468"],"dateCreated":"2025-01-29T14:28:48.840Z","dateUpdated":"2025-02-22T02:55:19.070Z","folderId":null,"pageName":"AMEF_231256310","serverPageId":null,"sectionCount":5,"status":2,"backwardUrl":null},{"id":2277808884,"title":"AMES","order":115,"templateKey":null,"customTemplate":false,"customTemplateFilename":null,"pageLinks":["197495934","107477544","3804446","34369534","59264055","965608172","1310604363","724930088","108455198","231256310","2277808884","321815110","853317550","65650715","1343828211","95176468"],"dateCreated":"2025-01-31T08:47:05.979Z","dateUpdated":"2025-02-22T02:58:31.847Z","folderId":null,"pageName":"AMES_2277808884","serverPageId":null,"sectionCount":5,"status":2,"backwardUrl":null},{"id":321815110,"title":"AMEM","order":116,"templateKey":null,"customTemplate":false,"customTemplateFilename":null,"pageLinks":["197495934","107477544","3804446","34369534","268212837","41249134","87288663","56181277","161849635","59264055","965608172","1310604363","724930088","108455198","231256310","2277808884","321815110","853317550","65650715","1343828211","95176468"],"dateCreated":"2025-01-31T08:52:51.942Z","dateUpdated":"2025-02-26T14:44:02.878Z","folderId":null,"pageName":"AMEM_321815110","serverPageId":null,"sectionCount":5,"status":2,"backwardUrl":null},{"id":853317550,"title":"AMEY","order":117,"templateKey":null,"customTemplate":false,"customTemplateFilename":null,"pageLinks":["197495934","107477544","3804446","34369534","59264055","965608172","1310604363","724930088","108455198","231256310","2277808884","321815110","853317550","65650715","1343828211","95176468"],"dateCreated":"2025-01-31T08:53:58.600Z","dateUpdated":"2025-02-22T03:05:27.613Z","folderId":null,"pageName":"AMEY_853317550","serverPageId":null,"sectionCount":5,"status":2,"backwardUrl":null},{"id":65650715,"title":"AMEBS","order":118,"templateKey":null,"customTemplate":false,"customTemplateFilename":null,"pageLinks":["197495934","107477544","3804446","34369534","59264055","965608172","1310604363","724930088","46694690","59154193","735530317","786628477","1959824349","232400221","175368092","812002730"],"dateCreated":"2025-01-31T08:54:34.056Z","dateUpdated":"2025-02-22T03:09:58.838Z","folderId":null,"pageName":"AMEBS_65650715","serverPageId":null,"sectionCount":5,"status":2,"backwardUrl":null},{"id":1343828211,"title":"AMEH","order":119,"templateKey":null,"customTemplate":false,"customTemplateFilename":null,"pageLinks":["197495934","107477544","3804446","34369534","59264055","965608172","1310604363","724930088","108455198","231256310","2277808884","321815110","853317550","65650715","1343828211","95176468"],"dateCreated":"2025-01-31T08:54:55.750Z","dateUpdated":"2025-02-22T03:13:52.161Z","folderId":null,"pageName":"AMEH_1343828211","serverPageId":null,"sectionCount":5,"status":2,"backwardUrl":null},{"id":95176468,"title":"AMEST","order":120,"templateKey":null,"customTemplate":false,"customTemplateFilename":null,"pageLinks":["197495934","107477544","3804446","34369534","59264055","965608172","1310604363","724930088","108455198","231256310","2277808884","321815110","853317550","65650715","1343828211","95176468"],"dateCreated":"2025-01-31T08:55:17.035Z","dateUpdated":"2025-02-22T03:18:04.740Z","folderId":null,"pageName":"AMEST_95176468","serverPageId":null,"sectionCount":5,"status":2,"backwardUrl":null},{"id":87288663,"title":"AT","order":121,"templateKey":null,"customTemplate":false,"customTemplateFilename":null,"pageLinks":["197495934","107477544","59264055","965608172","1310604363","724930088","224248446","1697919023","136475364"],"dateCreated":"2025-02-01T06:26:02.155Z","dateUpdated":"2025-02-22T05:38:04.810Z","folderId":null,"pageName":"AT_87288663","serverPageId":null,"sectionCount":2,"status":2,"backwardUrl":null},{"id":56181277,"title":"AB","order":122,"templateKey":null,"customTemplate":false,"customTemplateFilename":null,"pageLinks":["197495934","107477544","268212837","3804446","41249134","87288663","56181277","161849635","59264055","965608172","1310604363","724930088","59805848","13291768","5541072"],"dateCreated":"2025-02-01T06:26:34.360Z","dateUpdated":"2025-02-22T12:35:20.440Z","folderId":null,"pageName":"AB_56181277","serverPageId":null,"sectionCount":2,"status":2,"backwardUrl":null},{"id":41249134,"title":"AG","order":123,"templateKey":null,"customTemplate":false,"customTemplateFilename":null,"pageLinks":["197495934","107477544","59264055","965608172","1310604363","724930088","24131181","40271578","301509352","2542710156","189789756"],"dateCreated":"2025-02-06T15:39:44.601Z","dateUpdated":"2025-02-22T08:10:51.940Z","folderId":null,"pageName":"AG_41249134","serverPageId":null,"sectionCount":2,"status":2,"backwardUrl":null},{"id":161849635,"title":"AI","order":124,"templateKey":null,"customTemplate":false,"customTemplateFilename":null,"pageLinks":["197495934","867018198","59264055","965608172","1310604363","724930088","741723726","78514387","125144607","37462107","1250006473","64769380"],"dateCreated":"2025-02-01T06:24:01.794Z","dateUpdated":"2025-02-22T08:42:22.135Z","folderId":null,"pageName":"AI_161849635","serverPageId":null,"sectionCount":2,"status":2,"backwardUrl":null},{"id":224248446,"title":"ATEF","order":125,"templateKey":null,"customTemplate":false,"customTemplateFilename":null,"pageLinks":["197495934","107477544","61726712","59264055","965608172","1310604363","724930088","224248446","1697919023","136475364"],"dateCreated":"2025-01-31T08:56:26.904Z","dateUpdated":"2025-02-22T05:45:40.650Z","folderId":null,"pageName":"ATEF_224248446","serverPageId":null,"sectionCount":5,"status":2,"backwardUrl":null},{"id":1697919023,"title":"ATEM","order":126,"templateKey":null,"customTemplate":false,"customTemplateFilename":null,"pageLinks":["197495934","107477544","87288663","59264055","965608172","1310604363","724930088","224248446","1697919023","136475364"],"dateCreated":"2025-01-31T08:58:48.029Z","dateUpdated":"2025-02-22T05:50:50.337Z","folderId":null,"pageName":"ATEM_1697919023","serverPageId":null,"sectionCount":5,"status":2,"backwardUrl":null},{"id":136475364,"title":"ATEP","order":127,"templateKey":null,"customTemplate":false,"customTemplateFilename":null,"pageLinks":["197495934","107477544","87288663","59264055","965608172","1310604363","724930088","224248446","1697919023","136475364"],"dateCreated":"2025-01-31T08:59:41.514Z","dateUpdated":"2025-02-22T05:54:26.483Z","folderId":null,"pageName":"ATEP_136475364","serverPageId":null,"sectionCount":5,"status":2,"backwardUrl":null},{"id":59805848,"title":"ABEM","order":128,"templateKey":null,"customTemplate":false,"customTemplateFilename":null,"pageLinks":["197495934","107477544","56181277","268212837","3804446","41249134","87288663","161849635","59264055","965608172","1310604363","724930088","59805848","13291768","5541072"],"dateCreated":"2025-01-31T09:02:37.096Z","dateUpdated":"2025-02-22T09:41:12.318Z","folderId":null,"pageName":"ABEM_59805848","serverPageId":null,"sectionCount":5,"status":2,"backwardUrl":null},{"id":13291768,"title":"ABEAC","order":129,"templateKey":null,"customTemplate":false,"customTemplateFilename":null,"pageLinks":["197495934","107477544","56181277","268212837","3804446","41249134","87288663","161849635","59264055","965608172","1310604363","724930088","59805848","13291768","5541072"],"dateCreated":"2025-01-31T09:03:33.543Z","dateUpdated":"2025-02-22T09:41:29.506Z","folderId":null,"pageName":"ABEAC_13291768","serverPageId":null,"sectionCount":5,"status":2,"backwardUrl":null},{"id":5541072,"title":"ABEAN","order":130,"templateKey":null,"customTemplate":false,"customTemplateFilename":null,"pageLinks":["197495934","107477544","56181277","268212837","3804446","41249134","87288663","161849635","59264055","965608172","1310604363","724930088","59805848","13291768","5541072"],"dateCreated":"2025-01-31T09:03:58.748Z","dateUpdated":"2025-02-22T10:12:58.002Z","folderId":null,"pageName":"ABEAN_5541072","serverPageId":null,"sectionCount":5,"status":2,"backwardUrl":null},{"id":24131181,"title":"AGETA","order":131,"templateKey":null,"customTemplate":false,"customTemplateFilename":null,"pageLinks":["197495934","107477544","41249134","59264055","965608172","1310604363","724930088","24131181","40271578","301509352","2542710156","189789756"],"dateCreated":"2025-02-06T15:37:33.047Z","dateUpdated":"2025-02-22T08:18:43.714Z","folderId":null,"pageName":"AGETA_24131181","serverPageId":null,"sectionCount":5,"status":2,"backwardUrl":null},{"id":40271578,"title":"AGETO","order":132,"templateKey":null,"customTemplate":false,"customTemplateFilename":null,"pageLinks":["197495934","107477544","41249134","59264055","965608172","1310604363","724930088","24131181","40271578","301509352","2542710156","189789756"],"dateCreated":"2025-02-06T15:41:53.460Z","dateUpdated":"2025-02-22T08:21:58.962Z","folderId":null,"pageName":"AGETO_40271578","serverPageId":null,"sectionCount":5,"status":2,"backwardUrl":null},{"id":301509352,"title":"AGETAC","order":133,"templateKey":null,"customTemplate":false,"customTemplateFilename":null,"pageLinks":["197495934","107477544","41249134","59264055","965608172","1310604363","724930088","24131181","40271578","301509352","2542710156","189789756"],"dateCreated":"2025-02-06T15:42:27.787Z","dateUpdated":"2025-02-22T08:34:43.318Z","folderId":null,"pageName":"AGETAC_301509352","serverPageId":null,"sectionCount":5,"status":2,"backwardUrl":null},{"id":2542710156,"title":"AGETAL","order":134,"templateKey":null,"customTemplate":false,"customTemplateFilename":null,"pageLinks":["197495934","107477544","41249134","59264055","965608172","1310604363","724930088","24131181","40271578","301509352","2542710156","189789756"],"dateCreated":"2025-02-06T15:42:11.801Z","dateUpdated":"2025-02-22T08:35:29.990Z","folderId":null,"pageName":"AGETAL_2542710156","serverPageId":null,"sectionCount":5,"status":2,"backwardUrl":null},{"id":189789756,"title":"AGETAH","order":135,"templateKey":null,"customTemplate":false,"customTemplateFilename":null,"pageLinks":["197495934","107477544","41249134","59264055","965608172","1310604363","724930088","24131181","40271578","301509352","2542710156","189789756"],"dateCreated":"2025-02-06T15:42:46.828Z","dateUpdated":"2025-02-22T08:38:43.496Z","folderId":null,"pageName":"AGETAH_189789756","serverPageId":null,"sectionCount":5,"status":2,"backwardUrl":null},{"id":741723726,"title":"APIG","order":136,"templateKey":null,"customTemplate":false,"customTemplateFilename":null,"pageLinks":["197495934","107477544","161849635","59264055","965608172","1310604363","724930088","741723726","78514387","125144607","37462107","1250006473","64769380"],"dateCreated":"2025-01-31T09:05:46.549Z","dateUpdated":"2025-02-22T08:47:36.224Z","folderId":null,"pageName":"APIG_741723726","serverPageId":null,"sectionCount":5,"status":2,"backwardUrl":null},{"id":78514387,"title":"APIV","order":137,"templateKey":null,"customTemplate":false,"customTemplateFilename":null,"pageLinks":["197495934","107477544","161849635","59264055","965608172","1310604363","724930088","741723726","78514387","125144607","37462107","1250006473","64769380"],"dateCreated":"2025-01-31T09:06:50.420Z","dateUpdated":"2025-02-22T08:51:28.548Z","folderId":null,"pageName":"APIV_78514387","serverPageId":null,"sectionCount":5,"status":2,"backwardUrl":null},{"id":125144607,"title":"APIA","order":138,"templateKey":null,"customTemplate":false,"customTemplateFilename":null,"pageLinks":["197495934","107477544","161849635","59264055","965608172","1310604363","724930088","741723726","78514387","125144607","37462107","1250006473","64769380"],"dateCreated":"2025-01-31T09:07:24.433Z","dateUpdated":"2025-02-22T08:55:38.786Z","folderId":null,"pageName":"APIA_125144607","serverPageId":null,"sectionCount":5,"status":2,"backwardUrl":null},{"id":37462107,"title":"APIM","order":139,"templateKey":null,"customTemplate":false,"customTemplateFilename":null,"pageLinks":["197495934","107477544","161849635","59264055","965608172","1310604363","724930088","741723726","78514387","125144607","37462107","1250006473","64769380"],"dateCreated":"2025-01-31T09:07:52.819Z","dateUpdated":"2025-02-22T08:58:47.318Z","folderId":null,"pageName":"APIM_37462107","serverPageId":null,"sectionCount":5,"status":2,"backwardUrl":null},{"id":1250006473,"title":"APIO","order":140,"templateKey":null,"customTemplate":false,"customTemplateFilename":null,"pageLinks":["197495934","107477544","161849635","59264055","965608172","1310604363","724930088","741723726","78514387","125144607","37462107","1250006473","64769380"],"dateCreated":"2025-01-31T09:08:59.930Z","dateUpdated":"2025-02-22T09:02:14.147Z","folderId":null,"pageName":"APIO_1250006473","serverPageId":null,"sectionCount":5,"status":2,"backwardUrl":null},{"id":64769380,"title":"APIN","order":141,"templateKey":null,"customTemplate":false,"customTemplateFilename":null,"pageLinks":["197495934","107477544","161849635","268212837","3804446","41249134","87288663","56181277","59264055","965608172","1310604363","724930088","741723726","78514387","125144607","37462107","1250006473","64769380"],"dateCreated":"2025-01-31T09:08:21.851Z","dateUpdated":"2025-02-22T09:27:12.878Z","folderId":null,"pageName":"APIN_64769380","serverPageId":null,"sectionCount":5,"status":2,"backwardUrl":null}]