{"posts":{"items":[{"id":"1","fileName":"akne-ve-sivilce-tedavisi-en-etkili-yöntemler.html","name":"akne-ve-sivilce-tedavisi-en-etkili-yöntemler","publicUrl":"np://user.desktop.nicepage.com/Site_252609652/blog/akne-ve-sivilce-tedavisi-en-etkili-y%C3%B6ntemler.html","size":7324,"title":"Akne ve Sivilce Tedavisi: En Etkili Yöntemler","created":1708375161529,"updated":1742241947704,"excerpt":"Akne, özellikle ergenlik döneminde ortaya çıkan ancak yetişkinlerde de sıkça görülen yaygın bir cilt problemidir. Ciltteki yağ bezlerinin aşırı çalışması, gözeneklerin tıkanması ve bakterilerin çoğalması sonucu oluşan akneler, hem fiziksel hem de psikoloj...","featured":"BLOG_Akne.jpg"},{"id":"5","fileName":"cilt-lekeleri-ve-lazerle-leke-tedavisi.html","name":"cilt-lekeleri-ve-lazerle-leke-tedavisi","publicUrl":"np://user.desktop.nicepage.com/Site_252609652/blog/cilt-lekeleri-ve-lazerle-leke-tedavisi.html","size":6432,"title":"Cilt Lekeleri ve Lazerle Leke Tedavisi","created":1708375161564,"updated":1742242547958,"featured":"BLOG_LekeBen.jpg","excerpt":"Cilt lekeleri, özellikle yüz bölgesinde oluştuğunda kişilerin özgüvenini olumsuz etkileyebilen yaygın bir cilt problemidir. Güneş, hormonal değişiklikler, akne izleri ve yaşlanma gibi faktörler, ciltte lekelenmelere neden olabilir. Bu yazıda, cilt lekeler..."},{"id":"2","fileName":"cilt-yalanmas-ve-krklklarla-mücadele.html","name":"cilt-yalanmas-ve-krklklarla-mücadele","publicUrl":"np://user.desktop.nicepage.com/Site_252609652/blog/cilt-yalanmas-ve-krklklarla-m%C3%BCcadele.html","size":6026,"title":"Cilt Yaşlanması ve Kırışıklıklarla Mücadele","created":1708375161540,"updated":1742243207402,"featured":"BLOG_Yaslilik.jpg","excerpt":"Cilt yaşlanması, zamanla cildin elastikiyetini kaybetmesi, nem dengesinin bozulması ve kollajen üretiminin azalması sonucu ortaya çıkan doğal bir süreçtir. Özellikle 30'lu yaşlardan itibaren belirginleşen ince çizgiler ve kırışıklıklar, birçok kişinin end..."},{"id":"4","fileName":"egzama-ve-sedef-hastal-belirtileri-ve-tedavi-yöntemleri.html","name":"egzama-ve-sedef-hastal-belirtileri-ve-tedavi-yöntemleri","publicUrl":"np://user.desktop.nicepage.com/Site_252609652/blog/egzama-ve-sedef-hastal-belirtileri-ve-tedavi-y%C3%B6ntemleri.html","size":6870,"title":"Egzama ve Sedef Hastalığı: Belirtileri ve Tedavi Yöntemleri","created":1708375161557,"updated":1738274894638,"featured":"BLOG_Egzama.jpg","excerpt":"Egzama ve sedef hastalığı, kronik cilt rahatsızlıkları olup, hem fiziksel hem de psikolojik olarak kişilerin yaşam kalitesini etkileyebilir. Bu hastalıklar, benzer belirtilere sahip olsa da farklı nedenlerle ortaya çıkar ve farklı tedavi yöntemleri gerekt..."},{"id":"3","fileName":"günein-cilde-etkileri-ve-güne-koruyucu-seçimi.html","name":"günein-cilde-etkileri-ve-güne-koruyucu-seçimi","publicUrl":"np://user.desktop.nicepage.com/Site_252609652/blog/g%C3%BCnein-cilde-etkileri-ve-g%C3%BCne-koruyucu-se%C3%A7imi.html","size":6149,"title":"Güneşin Cilde Etkileri ve Güneş Koruyucu Seçimi","created":1708375161549,"updated":1742243389409,"featured":"BLOG_Gunes.jpg","excerpt":"Güneş, D vitamini sentezi için gerekli olsa da uzun süre ve korunmasız bir şekilde maruz kalındığında cilt sağlığı için ciddi riskler oluşturabilir. Güneşin zararlı UV (ultraviyole) ışınları, ciltte erken yaşlanma, lekelenme ve hatta cilt kanseri gibi sor..."},{"id":"6","fileName":"saç-dökülmesi-ve-saç-hastalklarnda-çözüm-önerileri.html","name":"saç-dökülmesi-ve-saç-hastalklarnda-çözüm-önerileri","publicUrl":"np://user.desktop.nicepage.com/Site_252609652/blog/sa%C3%A7-d%C3%B6k%C3%BClmesi-ve-sa%C3%A7-hastalklarnda-%C3%A7%C3%B6z%C3%BCm-%C3%B6nerileri.html","size":4859,"title":"Saç Dökülmesi ve saç hastalıklarında çözüm önerileri","created":1708375161571,"updated":1742158929935,"featured":"BLOG_SAC.jpg","excerpt":"Saç dökülmesi, hem erkeklerde hem de kadınlarda sıkça görülen ve özgüveni etkileyebilen bir problemdir. Genetik faktörler, hormonal değişiklikler, stres ve çevresel etkenler, saç dökülmesinin başlıca nedenleri arasındadır. Bu yazıda, saç dökülmesinin nede..."}]},"categories":[]}