[{"id":"user-image-Muayene1.jpg","publicUrl":"np://user.desktop.nicepage.com/Site_844523521/images/Muayene1.jpg","size":934944,"hash":"1Fy4CyOlG5JQ0zVHRIBwS8QIpXo=","fileName":"Muayene1.jpg","name":"Muayene1","width":1169,"height":878,"thumbnail":{"url":"np://user.desktop.nicepage.com/Site_844523521/images/thumbnails/Muayene1.jpg","width":250,"height":188},"folderId":null,"usages":["46417600"]},{"id":"user-image-Muayene4.jpg","publicUrl":"np://user.desktop.nicepage.com/Site_844523521/images/Muayene4.jpg","size":169329,"hash":"G5I0W8wFH7jz9YO1wad5JNll/vg=","fileName":"Muayene4.jpg","name":"Muayene4","width":1169,"height":878,"thumbnail":{"url":"np://user.desktop.nicepage.com/Site_844523521/images/thumbnails/Muayene4.jpg","width":250,"height":188},"folderId":null,"usages":["46417600"]},{"id":"user-image-Muayene2.jpg","publicUrl":"np://user.desktop.nicepage.com/Site_844523521/images/Muayene2.jpg","size":565974,"hash":"+qVenTeNLvzZ/C18uBEAY/uAO+M=","fileName":"Muayene2.jpg","name":"Muayene2","width":1169,"height":878,"thumbnail":{"url":"np://user.desktop.nicepage.com/Site_844523521/images/thumbnails/Muayene2.jpg","width":250,"height":188},"folderId":null,"usages":["46417600"]},{"id":"user-image-Muayene5.jpg","publicUrl":"np://user.desktop.nicepage.com/Site_844523521/images/Muayene5.jpg","size":152983,"hash":"vrK1xZk/jyvmygqUEm1tJBDj8gk=","fileName":"Muayene5.jpg","name":"Muayene5","width":1169,"height":878,"thumbnail":{"url":"np://user.desktop.nicepage.com/Site_844523521/images/thumbnails/Muayene5.jpg","width":250,"height":188},"folderId":null,"usages":["46417600"]},{"id":"user-image-Muayene6.jpg","publicUrl":"np://user.desktop.nicepage.com/Site_844523521/images/Muayene6.jpg","size":107557,"hash":"cT5nmck+U3FQ7qX4qpw33ylil3A=","fileName":"Muayene6.jpg","name":"Muayene6","width":1169,"height":878,"thumbnail":{"url":"np://user.desktop.nicepage.com/Site_844523521/images/thumbnails/Muayene6.jpg","width":250,"height":188},"folderId":null,"usages":["46417600"]},{"id":"user-image-Muayene3.jpg","publicUrl":"np://user.desktop.nicepage.com/Site_844523521/images/Muayene3.jpg","size":149633,"hash":"oqA1cR4jr0HdSmiZ6lpk0R/HFJM=","fileName":"Muayene3.jpg","name":"Muayene3","width":1169,"height":878,"thumbnail":{"url":"np://user.desktop.nicepage.com/Site_844523521/images/thumbnails/Muayene3.jpg","width":250,"height":188},"folderId":null,"usages":["46417600"]},{"id":"user-image-DrAylinSemaHakkinda.jpg","publicUrl":"np://user.desktop.nicepage.com/Site_844523521/images/DrAylinSemaHakkinda.jpg","size":94958,"hash":"CAGW3eMIYYNjeh/fYniZdQm2Gqc=","fileName":"DrAylinSemaHakkinda.jpg","name":"DrAylinSemaHakkinda","width":1472,"height":832,"thumbnail":{"url":"np://user.desktop.nicepage.com/Site_844523521/images/thumbnails/DrAylinSemaHakkinda.jpg","width":250,"height":141},"folderId":null,"usages":["892301088"]},{"id":"user-image-3522759.png","publicUrl":"np://user.desktop.nicepage.com/Site_844523521/images/3522759.png","size":2365,"hash":"K2NliSj6Ao65fDHSHOxGNX5oaIw=","fileName":"3522759.png","name":"3522759","width":128,"height":128,"thumbnail":{"url":"np://user.desktop.nicepage.com/Site_844523521/images/thumbnails/3522759.png","width":128,"height":128,"length":2365,"type":"png"},"folderId":null,"usages":[]},{"id":"user-image-GdameliyatCANVA.jpg","publicUrl":"np://user.desktop.nicepage.com/Site_844523521/images/GdameliyatCANVA.jpg","size":137055,"hash":"hywGxp4Eu0A4Ia/929EdPuosIrM=","fileName":"GdameliyatCANVA.jpg","name":"GdameliyatCANVA","width":837,"height":1061,"thumbnail":{"url":"np://user.desktop.nicepage.com/Site_844523521/images/thumbnails/GdameliyatCANVA.jpg","width":197,"height":250},"folderId":null,"usages":[]},{"id":"user-image-DrAylinSemaHakkndaMEDYA41.jpg","publicUrl":"np://user.desktop.nicepage.com/Site_844523521/images/DrAylinSemaHakkndaMEDYA41.jpg","size":94294,"hash":"N+Cp8hH6RDoyr7X1vmENawjJkcY=","fileName":"DrAylinSemaHakkndaMEDYA41.jpg","name":"DrAylinSemaHakkndaMEDYA41","width":950,"height":712,"thumbnail":{"url":"np://user.desktop.nicepage.com/Site_844523521/images/thumbnails/DrAylinSemaHakkndaMEDYA41.jpg","width":250,"height":187},"folderId":null,"usages":["892301088"]},{"id":"user-image-DrAylinSemaHakkndaMEDYA51.jpg","publicUrl":"np://user.desktop.nicepage.com/Site_844523521/images/DrAylinSemaHakkndaMEDYA51.jpg","size":92445,"hash":"hAEzno0m48oYx/WbZ0jtzY40uII=","fileName":"DrAylinSemaHakkndaMEDYA51.jpg","name":"DrAylinSemaHakkndaMEDYA51","width":953,"height":715,"thumbnail":{"url":"np://user.desktop.nicepage.com/Site_844523521/images/thumbnails/DrAylinSemaHakkndaMEDYA51.jpg","width":250,"height":188},"folderId":null,"usages":["892301088"]},{"id":"user-image-DrAylinSemaHakkndaMEDYA21.jpg","publicUrl":"np://user.desktop.nicepage.com/Site_844523521/images/DrAylinSemaHakkndaMEDYA21.jpg","size":96529,"hash":"qDOt1ETJxLHsWj2snnFY/NJABv0=","fileName":"DrAylinSemaHakkndaMEDYA21.jpg","name":"DrAylinSemaHakkndaMEDYA21","width":947,"height":712,"thumbnail":{"url":"np://user.desktop.nicepage.com/Site_844523521/images/thumbnails/DrAylinSemaHakkndaMEDYA21.jpg","width":250,"height":188},"folderId":null,"usages":["892301088"]},{"id":"user-image-DrAylinSemaHakkndaMEDYA61.jpg","publicUrl":"np://user.desktop.nicepage.com/Site_844523521/images/DrAylinSemaHakkndaMEDYA61.jpg","size":99644,"hash":"C8Br1qoKJhx24es8wb597/Yg3IQ=","fileName":"DrAylinSemaHakkndaMEDYA61.jpg","name":"DrAylinSemaHakkndaMEDYA61","width":947,"height":709,"thumbnail":{"url":"np://user.desktop.nicepage.com/Site_844523521/images/thumbnails/DrAylinSemaHakkndaMEDYA61.jpg","width":250,"height":187},"folderId":null,"usages":["892301088"]},{"id":"user-image-DrAylinSemaHakkndaMEDYA31.jpg","publicUrl":"np://user.desktop.nicepage.com/Site_844523521/images/DrAylinSemaHakkndaMEDYA31.jpg","size":117261,"hash":"m0z5EPnC7ZjI8vyfN4DSyI7cfPE=","fileName":"DrAylinSemaHakkndaMEDYA31.jpg","name":"DrAylinSemaHakkndaMEDYA31","width":950,"height":712,"thumbnail":{"url":"np://user.desktop.nicepage.com/Site_844523521/images/thumbnails/DrAylinSemaHakkndaMEDYA31.jpg","width":250,"height":187},"folderId":null,"usages":["892301088"]},{"id":"user-image-DrAylinSemaHakkndaMEDYA21_Integratif.jpg","publicUrl":"np://user.desktop.nicepage.com/Site_844523521/images/DrAylinSemaHakkndaMEDYA21_Integratif.jpg","size":92179,"hash":"A/V4Bw3CzFG/TPZwrlAcDZ4z4hw=","fileName":"DrAylinSemaHakkndaMEDYA21_Integratif.jpg","name":"DrAylinSemaHakkndaMEDYA21_Integratif","width":959,"height":681,"thumbnail":{"url":"np://user.desktop.nicepage.com/Site_844523521/images/thumbnails/DrAylinSemaHakkndaMEDYA21_Integratif.jpg","width":250,"height":178},"folderId":null,"usages":["892301088"]},{"id":"user-image-DrAylinSemaHakkndaMEDYA23_American.jpg","publicUrl":"np://user.desktop.nicepage.com/Site_844523521/images/DrAylinSemaHakkndaMEDYA23_American.jpg","size":87611,"hash":"qJI5XQo0lsMjQIRpRkae+YM+7+I=","fileName":"DrAylinSemaHakkndaMEDYA23_American.jpg","name":"DrAylinSemaHakkndaMEDYA23_American","width":953,"height":712,"thumbnail":{"url":"np://user.desktop.nicepage.com/Site_844523521/images/thumbnails/DrAylinSemaHakkndaMEDYA23_American.jpg","width":250,"height":187},"folderId":null,"usages":["892301088"]},{"id":"user-image-DrAylinSemaHakkndaMEDYA24_Estetik.jpg","publicUrl":"np://user.desktop.nicepage.com/Site_844523521/images/DrAylinSemaHakkndaMEDYA24_Estetik.jpg","size":95655,"hash":"UO4/qBBotqmFh3cI0FxQGmzvjgE=","fileName":"DrAylinSemaHakkndaMEDYA24_Estetik.jpg","name":"DrAylinSemaHakkndaMEDYA24_Estetik","width":947,"height":734,"thumbnail":{"url":"np://user.desktop.nicepage.com/Site_844523521/images/thumbnails/DrAylinSemaHakkndaMEDYA24_Estetik.jpg","width":250,"height":194},"folderId":null,"usages":["892301088"]},{"id":"user-image-DrAylinSemaHakkndaMEDYA25_Mezoklinik.jpg","publicUrl":"np://user.desktop.nicepage.com/Site_844523521/images/DrAylinSemaHakkndaMEDYA25_Mezoklinik.jpg","size":92401,"hash":"ltnCqAX3KxH3P/GTmjRQAWZFcIM=","fileName":"DrAylinSemaHakkndaMEDYA25_Mezoklinik.jpg","name":"DrAylinSemaHakkndaMEDYA25_Mezoklinik","width":959,"height":678,"thumbnail":{"url":"np://user.desktop.nicepage.com/Site_844523521/images/thumbnails/DrAylinSemaHakkndaMEDYA25_Mezoklinik.jpg","width":250,"height":177},"folderId":null,"usages":["892301088"]},{"id":"user-image-DrAylinSemaHakkndaMEDYA8.jpg","publicUrl":"np://user.desktop.nicepage.com/Site_844523521/images/DrAylinSemaHakkndaMEDYA8.jpg","size":119291,"hash":"gjakqZed2PK4fWpG7eXTIYqonsI=","fileName":"DrAylinSemaHakkndaMEDYA8.jpg","name":"DrAylinSemaHakkndaMEDYA8","width":950,"height":712,"thumbnail":{"url":"np://user.desktop.nicepage.com/Site_844523521/images/thumbnails/DrAylinSemaHakkndaMEDYA8.jpg","width":250,"height":187},"folderId":null,"usages":["892301088"]},{"id":"user-image-DrAylinSemaHakkndaMEDYA.jpg","publicUrl":"np://user.desktop.nicepage.com/Site_844523521/images/DrAylinSemaHakkndaMEDYA.jpg","size":111357,"hash":"vrBKDmeSnWUETphb4+P4MNChI6Y=","fileName":"DrAylinSemaHakkndaMEDYA.jpg","name":"DrAylinSemaHakkndaMEDYA","width":947,"height":709,"thumbnail":{"url":"np://user.desktop.nicepage.com/Site_844523521/images/thumbnails/DrAylinSemaHakkndaMEDYA.jpg","width":250,"height":187},"folderId":null,"usages":["892301088"]},{"id":"user-image-DrAylinSemaHakkndaMEDYA11_Laha.jpg","publicUrl":"np://user.desktop.nicepage.com/Site_844523521/images/DrAylinSemaHakkndaMEDYA11_Laha.jpg","size":122188,"hash":"fDvPv4GnHFYqisJoAW837/DFsaM=","fileName":"DrAylinSemaHakkndaMEDYA11_Laha.jpg","name":"DrAylinSemaHakkndaMEDYA11_Laha","width":953,"height":712,"thumbnail":{"url":"np://user.desktop.nicepage.com/Site_844523521/images/thumbnails/DrAylinSemaHakkndaMEDYA11_Laha.jpg","width":250,"height":187},"folderId":null,"usages":["892301088"]},{"id":"user-image-DrAylinSemaHakkndaMEDYA7.jpg","publicUrl":"np://user.desktop.nicepage.com/Site_844523521/images/DrAylinSemaHakkndaMEDYA7.jpg","size":101672,"hash":"xqauDwez6mxBjjb+fWlrodKLalM=","fileName":"DrAylinSemaHakkndaMEDYA7.jpg","name":"DrAylinSemaHakkndaMEDYA7","width":950,"height":712,"thumbnail":{"url":"np://user.desktop.nicepage.com/Site_844523521/images/thumbnails/DrAylinSemaHakkndaMEDYA7.jpg","width":250,"height":187},"folderId":null,"usages":["892301088"]},{"id":"user-image-DrAylinSemaHakkndaMEDYA14_Dermatoloji.jpg","publicUrl":"np://user.desktop.nicepage.com/Site_844523521/images/DrAylinSemaHakkndaMEDYA14_Dermatoloji.jpg","size":60808,"hash":"qv5oeWS5HOXZTjDv/k4aLT5f208=","fileName":"DrAylinSemaHakkndaMEDYA14_Dermatoloji.jpg","name":"DrAylinSemaHakkndaMEDYA14_Dermatoloji","width":953,"height":712,"thumbnail":{"url":"np://user.desktop.nicepage.com/Site_844523521/images/thumbnails/DrAylinSemaHakkndaMEDYA14_Dermatoloji.jpg","width":250,"height":187},"folderId":null,"usages":["892301088"]},{"id":"user-image-DrAylinSemaHakkndaMEDYA9_Mezuniyet.jpg","publicUrl":"np://user.desktop.nicepage.com/Site_844523521/images/DrAylinSemaHakkndaMEDYA9_Mezuniyet.jpg","size":146144,"hash":"P5FRL3Sz6WCAkWjllBCWxwPGMJA=","fileName":"DrAylinSemaHakkndaMEDYA9_Mezuniyet.jpg","name":"DrAylinSemaHakkndaMEDYA9_Mezuniyet","width":959,"height":721,"thumbnail":{"url":"np://user.desktop.nicepage.com/Site_844523521/images/thumbnails/DrAylinSemaHakkndaMEDYA9_Mezuniyet.jpg","width":250,"height":188},"folderId":null,"usages":["892301088"]},{"id":"user-image-DrAylinSemaHakkndaMEDYA9_Uzmanlik.jpg","publicUrl":"np://user.desktop.nicepage.com/Site_844523521/images/DrAylinSemaHakkndaMEDYA9_Uzmanlik.jpg","size":97309,"hash":"JjYCZCFbupi+Bk1nd10UF0gyBCA=","fileName":"DrAylinSemaHakkndaMEDYA9_Uzmanlik.jpg","name":"DrAylinSemaHakkndaMEDYA9_Uzmanlik","width":975,"height":647,"thumbnail":{"url":"np://user.desktop.nicepage.com/Site_844523521/images/thumbnails/DrAylinSemaHakkndaMEDYA9_Uzmanlik.jpg","width":250,"height":166},"folderId":null,"usages":["892301088"]},{"id":"user-image-DrAylinSemaHakkndaMEDYA10_Fullface.jpg","publicUrl":"np://user.desktop.nicepage.com/Site_844523521/images/DrAylinSemaHakkndaMEDYA10_Fullface.jpg","size":95498,"hash":"ZcVuGOcS8BIjHftkDaihsYBBKfs=","fileName":"DrAylinSemaHakkndaMEDYA10_Fullface.jpg","name":"DrAylinSemaHakkndaMEDYA10_Fullface","width":950,"height":703,"thumbnail":{"url":"np://user.desktop.nicepage.com/Site_844523521/images/thumbnails/DrAylinSemaHakkndaMEDYA10_Fullface.jpg","width":250,"height":185},"folderId":null,"usages":["892301088"]},{"id":"user-image-DrAylinSemaHakkndaMEDYA12_Acupuncture.jpg","publicUrl":"np://user.desktop.nicepage.com/Site_844523521/images/DrAylinSemaHakkndaMEDYA12_Acupuncture.jpg","size":82908,"hash":"dQreh2AyQmzZJDh8zr99vO6KYC0=","fileName":"DrAylinSemaHakkndaMEDYA12_Acupuncture.jpg","name":"DrAylinSemaHakkndaMEDYA12_Acupuncture","width":959,"height":681,"thumbnail":{"url":"np://user.desktop.nicepage.com/Site_844523521/images/thumbnails/DrAylinSemaHakkndaMEDYA12_Acupuncture.jpg","width":250,"height":178},"folderId":null,"usages":["892301088"]},{"id":"user-image-DrAylinSemaHakkndaMEDYA15_Fotona.jpg","publicUrl":"np://user.desktop.nicepage.com/Site_844523521/images/DrAylinSemaHakkndaMEDYA15_Fotona.jpg","size":71619,"hash":"/WmVdO180c+LOoSFHK8AgrWfa0s=","fileName":"DrAylinSemaHakkndaMEDYA15_Fotona.jpg","name":"DrAylinSemaHakkndaMEDYA15_Fotona","width":953,"height":650,"thumbnail":{"url":"np://user.desktop.nicepage.com/Site_844523521/images/thumbnails/DrAylinSemaHakkndaMEDYA15_Fotona.jpg","width":250,"height":171},"folderId":null,"usages":["892301088"]},{"id":"user-image-DrAylinSemaHakkndaMEDYA16_Fotona2.jpg","publicUrl":"np://user.desktop.nicepage.com/Site_844523521/images/DrAylinSemaHakkndaMEDYA16_Fotona2.jpg","size":84924,"hash":"MOWGCWZ/8r/cs4xp1UkP1plSurw=","fileName":"DrAylinSemaHakkndaMEDYA16_Fotona2.jpg","name":"DrAylinSemaHakkndaMEDYA16_Fotona2","width":959,"height":650,"thumbnail":{"url":"np://user.desktop.nicepage.com/Site_844523521/images/thumbnails/DrAylinSemaHakkndaMEDYA16_Fotona2.jpg","width":250,"height":169},"folderId":null,"usages":["892301088"]},{"id":"user-image-DrAylinSemaHakkndaMEDYA13_Suiselle.jpg","publicUrl":"np://user.desktop.nicepage.com/Site_844523521/images/DrAylinSemaHakkndaMEDYA13_Suiselle.jpg","size":139987,"hash":"7HmihjaFVUrtUZ8erzwKd+kklT0=","fileName":"DrAylinSemaHakkndaMEDYA13_Suiselle.jpg","name":"DrAylinSemaHakkndaMEDYA13_Suiselle","width":950,"height":712,"thumbnail":{"url":"np://user.desktop.nicepage.com/Site_844523521/images/thumbnails/DrAylinSemaHakkndaMEDYA13_Suiselle.jpg","width":250,"height":187},"folderId":null,"usages":["892301088"]},{"id":"user-image-DrAylinSemaHakkndaMEDYA17_Mesoestetic.jpg","publicUrl":"np://user.desktop.nicepage.com/Site_844523521/images/DrAylinSemaHakkndaMEDYA17_Mesoestetic.jpg","size":75179,"hash":"Mg5xhyBmWb85AHcmumRcLu275oA=","fileName":"DrAylinSemaHakkndaMEDYA17_Mesoestetic.jpg","name":"DrAylinSemaHakkndaMEDYA17_Mesoestetic","width":959,"height":715,"thumbnail":{"url":"np://user.desktop.nicepage.com/Site_844523521/images/thumbnails/DrAylinSemaHakkndaMEDYA17_Mesoestetic.jpg","width":250,"height":186},"folderId":null,"usages":["892301088"]},{"id":"user-image-DrAylinSemaHakkndaMEDYA19_Dermatoloji.jpg","publicUrl":"np://user.desktop.nicepage.com/Site_844523521/images/DrAylinSemaHakkndaMEDYA19_Dermatoloji.jpg","size":81180,"hash":"9aQbm6Am2vZ+GLkzFgV0K0++Ijg=","fileName":"DrAylinSemaHakkndaMEDYA19_Dermatoloji.jpg","name":"DrAylinSemaHakkndaMEDYA19_Dermatoloji","width":959,"height":675,"thumbnail":{"url":"np://user.desktop.nicepage.com/Site_844523521/images/thumbnails/DrAylinSemaHakkndaMEDYA19_Dermatoloji.jpg","width":250,"height":176},"folderId":null,"usages":["892301088"]},{"id":"user-image-DrAylinSemaHakkndaMEDYA20_Thermage.jpg","publicUrl":"np://user.desktop.nicepage.com/Site_844523521/images/DrAylinSemaHakkndaMEDYA20_Thermage.jpg","size":63337,"hash":"ykRihtMqcwEiANZe0aRMFy9ZJAc=","fileName":"DrAylinSemaHakkndaMEDYA20_Thermage.jpg","name":"DrAylinSemaHakkndaMEDYA20_Thermage","width":953,"height":712,"thumbnail":{"url":"np://user.desktop.nicepage.com/Site_844523521/images/thumbnails/DrAylinSemaHakkndaMEDYA20_Thermage.jpg","width":250,"height":187},"folderId":null,"usages":["892301088"]},{"id":"user-image-DrAylinSemaHakkndaMEDYA18_Fotona3.jpg","publicUrl":"np://user.desktop.nicepage.com/Site_844523521/images/DrAylinSemaHakkndaMEDYA18_Fotona3.jpg","size":64535,"hash":"rSPedQLAOCj3Wt1sL9e6xBJVh4M=","fileName":"DrAylinSemaHakkndaMEDYA18_Fotona3.jpg","name":"DrAylinSemaHakkndaMEDYA18_Fotona3","width":959,"height":650,"thumbnail":{"url":"np://user.desktop.nicepage.com/Site_844523521/images/thumbnails/DrAylinSemaHakkndaMEDYA18_Fotona3.jpg","width":250,"height":169},"folderId":null,"usages":["892301088"]},{"id":"user-image-DRAylinSemaLogoSadeText2.png","publicUrl":"np://user.desktop.nicepage.com/Site_844523521/images/DRAylinSemaLogoSadeText2.png","size":21766,"hash":"oTZFOPCXboe+oq26ruseJY4NVpQ=","fileName":"DRAylinSemaLogoSadeText2.png","name":"DRAylinSemaLogoSadeText2","width":577,"height":141,"thumbnail":{"url":"np://user.desktop.nicepage.com/Site_844523521/images/thumbnails/DRAylinSemaLogoSadeText2.png","width":250,"height":61},"folderId":null,"usages":[]},{"id":"user-image-DRAylinSemaLogoSadeText1.png","publicUrl":"np://user.desktop.nicepage.com/Site_844523521/images/DRAylinSemaLogoSadeText1.png","size":22093,"hash":"CYyetUXKAQ1TYiOQNm4tmsXlPFs=","fileName":"DRAylinSemaLogoSadeText1.png","name":"DRAylinSemaLogoSadeText1","width":690,"height":141,"thumbnail":{"url":"np://user.desktop.nicepage.com/Site_844523521/images/thumbnails/DRAylinSemaLogoSadeText1.png","width":250,"height":51},"folderId":null,"usages":[]},{"id":"user-image-83be5ddd9d9602c8606e5a797dcb3b2796ab30085098368ba2725e8d1da4d6739e8dbc219c6f2f44bb435b246af755ed5ec8d1bcd3a298665efb31_1280.jpg","publicUrl":"np://user.desktop.nicepage.com/Site_844523521/images/83be5ddd9d9602c8606e5a797dcb3b2796ab30085098368ba2725e8d1da4d6739e8dbc219c6f2f44bb435b246af755ed5ec8d1bcd3a298665efb31_1280.jpg","size":249931,"hash":"UQKGI6sL230p33zJZrfk5YHCTFk=","fileName":"83be5ddd9d9602c8606e5a797dcb3b2796ab30085098368ba2725e8d1da4d6739e8dbc219c6f2f44bb435b246af755ed5ec8d1bcd3a298665efb31_1280.jpg","name":"83be5ddd9d9602c8606e5a797dcb3b2796ab30085098368ba2725e8d1da4d6739e8dbc219c6f2f44bb435b246af755ed5ec8d1bcd3a298665efb31_1280","width":1280,"height":853,"thumbnail":{"url":"np://user.desktop.nicepage.com/Site_844523521/images/thumbnails/83be5ddd9d9602c8606e5a797dcb3b2796ab30085098368ba2725e8d1da4d6739e8dbc219c6f2f44bb435b246af755ed5ec8d1bcd3a298665efb31_1280.jpg","width":250,"height":167},"folderId":null,"usages":["197495934"]},{"id":"user-image-71bc2592ad80925e5f38bcaad7899106c114d1d5c9fa6d5b134a0b81e6d5cc7247e3353375160b9741a721ea7dc46a459a63ce398cb01007eca217_1280.jpg","publicUrl":"np://user.desktop.nicepage.com/Site_844523521/images/71bc2592ad80925e5f38bcaad7899106c114d1d5c9fa6d5b134a0b81e6d5cc7247e3353375160b9741a721ea7dc46a459a63ce398cb01007eca217_1280.jpg","size":246891,"hash":"AJAuzr+ebmef+NkiQHzKV89lhBA=","fileName":"71bc2592ad80925e5f38bcaad7899106c114d1d5c9fa6d5b134a0b81e6d5cc7247e3353375160b9741a721ea7dc46a459a63ce398cb01007eca217_1280.jpg","name":"71bc2592ad80925e5f38bcaad7899106c114d1d5c9fa6d5b134a0b81e6d5cc7247e3353375160b9741a721ea7dc46a459a63ce398cb01007eca217_1280","width":1280,"height":960,"thumbnail":{"url":"np://user.desktop.nicepage.com/Site_844523521/images/thumbnails/71bc2592ad80925e5f38bcaad7899106c114d1d5c9fa6d5b134a0b81e6d5cc7247e3353375160b9741a721ea7dc46a459a63ce398cb01007eca217_1280.jpg","width":250,"height":188},"folderId":null,"usages":["197495934"]},{"id":"user-image-70a780b1b9ec6d93c2007e966b21668335a14d2de6e35d113632d6252e8ab6f621604d34249f7db43a21b64fb314be76d58a4ebc03fa3def94f84e_1280.jpg","publicUrl":"np://user.desktop.nicepage.com/Site_844523521/images/70a780b1b9ec6d93c2007e966b21668335a14d2de6e35d113632d6252e8ab6f621604d34249f7db43a21b64fb314be76d58a4ebc03fa3def94f84e_1280.jpg","size":209981,"hash":"li/VaC9ukFJKCq+5SFau7E7hULk=","fileName":"70a780b1b9ec6d93c2007e966b21668335a14d2de6e35d113632d6252e8ab6f621604d34249f7db43a21b64fb314be76d58a4ebc03fa3def94f84e_1280.jpg","name":"70a780b1b9ec6d93c2007e966b21668335a14d2de6e35d113632d6252e8ab6f621604d34249f7db43a21b64fb314be76d58a4ebc03fa3def94f84e_1280","width":853,"height":1280,"thumbnail":{"url":"np://user.desktop.nicepage.com/Site_844523521/images/thumbnails/70a780b1b9ec6d93c2007e966b21668335a14d2de6e35d113632d6252e8ab6f621604d34249f7db43a21b64fb314be76d58a4ebc03fa3def94f84e_1280.jpg","width":167,"height":250},"folderId":null,"usages":["197495934"]},{"id":"user-image-afb0b2b2-365e-4e48-887c-6dacc605f7c5.jpg","publicUrl":"np://user.desktop.nicepage.com/Site_844523521/images/afb0b2b2-365e-4e48-887c-6dacc605f7c5.jpg","size":199698,"hash":"MGMcWTdVn149+OpcyhJixnFSR60=","fileName":"afb0b2b2-365e-4e48-887c-6dacc605f7c5.jpg","name":"afb0b2b2-365e-4e48-887c-6dacc605f7c5","width":800,"height":855,"thumbnail":{"url":"np://user.desktop.nicepage.com/Site_844523521/images/thumbnails/afb0b2b2-365e-4e48-887c-6dacc605f7c5.jpg","width":234,"height":250},"folderId":null,"originalUrl":"//images01.nicepage.com/c461c07a441a5d220e8feb1a/01ca443f9882503a99a915be/afb0b2b2-365e-4e48-887c-6dacc605f7c5.jpg","usages":["197495934"]},{"id":"user-image-HeaderYoutube.jpg","publicUrl":"np://user.desktop.nicepage.com/Site_844523521/images/HeaderYoutube.jpg","size":125804,"hash":"9bSQ2TI7vJOzJMnuxTQBV4U4x3k=","fileName":"HeaderYoutube.jpg","name":"HeaderYoutube","width":1280,"height":720,"thumbnail":{"url":"np://user.desktop.nicepage.com/Site_844523521/images/thumbnails/HeaderYoutube.jpg","width":250,"height":141},"folderId":null,"usages":["277619326"]},{"id":"user-image-31.jpg","publicUrl":"np://user.desktop.nicepage.com/Site_844523521/images/31.jpg","size":122595,"hash":"q8cpidteK/RDoQqNRRSiMv0uXVM=","fileName":"31.jpg","name":"31","width":1280,"height":720,"thumbnail":{"url":"np://user.desktop.nicepage.com/Site_844523521/images/thumbnails/31.jpg","width":250,"height":141},"folderId":null,"usages":["277619326"]},{"id":"user-image-11.jpg","publicUrl":"np://user.desktop.nicepage.com/Site_844523521/images/11.jpg","size":106626,"hash":"xX9Bw3tlR3gGXhYMNF8ezu9ABfk=","fileName":"11.jpg","name":"11","width":1280,"height":720,"thumbnail":{"url":"np://user.desktop.nicepage.com/Site_844523521/images/thumbnails/11.jpg","width":250,"height":141},"folderId":null,"usages":["277619326"]},{"id":"user-image-13.jpg","publicUrl":"np://user.desktop.nicepage.com/Site_844523521/images/13.jpg","size":148747,"hash":"kaZJFarMGnBXmV7+8RYwVT5ytyQ=","fileName":"13.jpg","name":"13","width":1280,"height":720,"thumbnail":{"url":"np://user.desktop.nicepage.com/Site_844523521/images/thumbnails/13.jpg","width":250,"height":141},"folderId":null,"usages":["277619326"]},{"id":"user-image-9.jpg","publicUrl":"np://user.desktop.nicepage.com/Site_844523521/images/9.jpg","size":104812,"hash":"9Hp45QVe4vXLFV2p9IE3NPDb9/0=","fileName":"9.jpg","name":"9","width":1280,"height":720,"thumbnail":{"url":"np://user.desktop.nicepage.com/Site_844523521/images/thumbnails/9.jpg","width":250,"height":141},"folderId":null,"usages":["277619326"]},{"id":"user-image-12.jpg","publicUrl":"np://user.desktop.nicepage.com/Site_844523521/images/12.jpg","size":165093,"hash":"a7SaZzihLLxqRjohC2Ykh8Gp9A0=","fileName":"12.jpg","name":"12","width":1280,"height":720,"thumbnail":{"url":"np://user.desktop.nicepage.com/Site_844523521/images/thumbnails/12.jpg","width":250,"height":141},"folderId":null,"usages":["277619326"]},{"id":"user-image-7.jpg","publicUrl":"np://user.desktop.nicepage.com/Site_844523521/images/7.jpg","size":129677,"hash":"c0eA2KYSvawq4HG8HI0oz7t2IoQ=","fileName":"7.jpg","name":"7","width":1280,"height":720,"thumbnail":{"url":"np://user.desktop.nicepage.com/Site_844523521/images/thumbnails/7.jpg","width":250,"height":141},"folderId":null,"usages":["277619326"]},{"id":"user-image-10.jpg","publicUrl":"np://user.desktop.nicepage.com/Site_844523521/images/10.jpg","size":86288,"hash":"IbMQ/Qa1wDRPGN6ig0xy9Vmn2LA=","fileName":"10.jpg","name":"10","width":1280,"height":720,"thumbnail":{"url":"np://user.desktop.nicepage.com/Site_844523521/images/thumbnails/10.jpg","width":250,"height":141},"folderId":null,"usages":["277619326"]},{"id":"user-image-6.jpg","publicUrl":"np://user.desktop.nicepage.com/Site_844523521/images/6.jpg","size":98150,"hash":"aQc8D6BvO6tmnBljFNRry62Xpb0=","fileName":"6.jpg","name":"6","width":1280,"height":720,"thumbnail":{"url":"np://user.desktop.nicepage.com/Site_844523521/images/thumbnails/6.jpg","width":250,"height":141},"folderId":null,"usages":["277619326"]},{"id":"user-image-8.jpg","publicUrl":"np://user.desktop.nicepage.com/Site_844523521/images/8.jpg","size":168086,"hash":"UsQQcwJwNS0EpVIQOQ958KkL4Qw=","fileName":"8.jpg","name":"8","width":1280,"height":720,"thumbnail":{"url":"np://user.desktop.nicepage.com/Site_844523521/images/thumbnails/8.jpg","width":250,"height":141},"folderId":null,"usages":["277619326"]},{"id":"user-image-4.jpg","publicUrl":"np://user.desktop.nicepage.com/Site_844523521/images/4.jpg","size":117708,"hash":"So4aiJ4o7velPSpny+8sbdnNx7Y=","fileName":"4.jpg","name":"4","width":1280,"height":720,"thumbnail":{"url":"np://user.desktop.nicepage.com/Site_844523521/images/thumbnails/4.jpg","width":250,"height":141},"folderId":null,"usages":["277619326"]},{"id":"user-image-2.jpg","publicUrl":"np://user.desktop.nicepage.com/Site_844523521/images/2.jpg","size":107010,"hash":"lSHm6u0STKDaYbO6IOiZuomCPD8=","fileName":"2.jpg","name":"2","width":1280,"height":720,"thumbnail":{"url":"np://user.desktop.nicepage.com/Site_844523521/images/thumbnails/2.jpg","width":250,"height":141},"folderId":null,"usages":["277619326"]},{"id":"user-image-1.jpg","publicUrl":"np://user.desktop.nicepage.com/Site_844523521/images/1.jpg","size":132069,"hash":"1g4455u0z2iTb1XGRVC4L4uoEFA=","fileName":"1.jpg","name":"1","width":1280,"height":720,"thumbnail":{"url":"np://user.desktop.nicepage.com/Site_844523521/images/thumbnails/1.jpg","width":250,"height":141},"folderId":null,"usages":["277619326"]},{"id":"user-image-5.jpg","publicUrl":"np://user.desktop.nicepage.com/Site_844523521/images/5.jpg","size":118750,"hash":"dHY58eWVakOUpFZmxMIuQBgA8sU=","fileName":"5.jpg","name":"5","width":1280,"height":720,"thumbnail":{"url":"np://user.desktop.nicepage.com/Site_844523521/images/thumbnails/5.jpg","width":250,"height":141},"folderId":null,"usages":["277619326"]},{"id":"user-image-9093061.png","publicUrl":"np://user.desktop.nicepage.com/Site_844523521/images/9093061.png","size":14427,"hash":"H0+ZCZBK3n0DFFosnUgQp6HQyP4=","fileName":"9093061.png","name":"9093061","width":128,"height":128,"thumbnail":{"url":"np://user.desktop.nicepage.com/Site_844523521/images/thumbnails/9093061.png","width":128,"height":128,"length":14427,"type":"png"},"folderId":null,"usages":["1072718343","86714482"]},{"id":"user-image-72bccfb9f28733af4f0a5d467992afafd94b5b49eb2110db8699aca64ed594ee81633fc45c29dd61a0ebe7dd814b23bdbcebd8e7934daf687835e6_1280.jpg","publicUrl":"np://user.desktop.nicepage.com/Site_844523521/images/72bccfb9f28733af4f0a5d467992afafd94b5b49eb2110db8699aca64ed594ee81633fc45c29dd61a0ebe7dd814b23bdbcebd8e7934daf687835e6_1280.jpg","size":171760,"hash":"+pZbGRSV+Xp0W2vA5K5yWbMuJns=","fileName":"72bccfb9f28733af4f0a5d467992afafd94b5b49eb2110db8699aca64ed594ee81633fc45c29dd61a0ebe7dd814b23bdbcebd8e7934daf687835e6_1280.jpg","name":"72bccfb9f28733af4f0a5d467992afafd94b5b49eb2110db8699aca64ed594ee81633fc45c29dd61a0ebe7dd814b23bdbcebd8e7934daf687835e6_1280","width":1280,"height":878,"thumbnail":{"url":"np://user.desktop.nicepage.com/Site_844523521/images/thumbnails/72bccfb9f28733af4f0a5d467992afafd94b5b49eb2110db8699aca64ed594ee81633fc45c29dd61a0ebe7dd814b23bdbcebd8e7934daf687835e6_1280.jpg","width":250,"height":171},"folderId":null,"originalUrl":"//images01.nicepage.com/c461c07a441a5d220e8feb1a/aaa7f9c6677a5e9a923f1500/g8920cdc68172bccfb9f28733af4f0a5d467992afafd94b5b49eb2110db8699aca64ed594ee81633fc45c29dd61a0ebe7dd814b23bdbcebd8e7934daf687835e6_1280.jpg","usages":["867018198","25533878","34369534","67791642","719428922","363927540","56319218","42709026","23562581","46694690","59154193","1959824349","232400221","735530317","812002730","786628477","175368092","173150895","86714482","1526124516","212816470","554615467","12375760"]},{"id":"user-image-dfff.jpg","publicUrl":"np://user.desktop.nicepage.com/Site_844523521/images/dfff.jpg","size":331522,"hash":"d5p4+6g7QhqkKOGJPmZm7qIpMuY=","fileName":"dfff.jpg","name":"dfff","width":900,"height":900,"thumbnail":{"url":"np://user.desktop.nicepage.com/Site_844523521/images/thumbnails/dfff.jpg","width":250,"height":250},"folderId":null,"originalUrl":"//images01.nicepage.com/c461c07a441a5d220e8feb1a/6384e5f2c5aa5b6e9180a0e3/dfff.jpg","usages":["867018198","25533878","34369534","873918735","1072718343","3015910974","773719422","43467046","67791642","719428922","363927540","56319218","42709026","23562581","35587824","1289900601","1513409862","46694690","59154193","1959824349","232400221","735530317","812002730","786628477","175368092","340702800","71016637","98222265","173150895","86714482","1526124516","212816470","554615467","12375760"]},{"id":"user-image-7b3bdb407571994db3eb7aa84c164c27d9f6d91cd9b32033b6d980302d2ed3028c359285031c385ad0ce6ac0d998573e45763dfa814fa105cf9b62_1280.jpg","publicUrl":"np://user.desktop.nicepage.com/Site_844523521/images/7b3bdb407571994db3eb7aa84c164c27d9f6d91cd9b32033b6d980302d2ed3028c359285031c385ad0ce6ac0d998573e45763dfa814fa105cf9b62_1280.jpg","size":69838,"hash":"hexsdDZNNgOcrCyIEJISxC09Bbk=","fileName":"7b3bdb407571994db3eb7aa84c164c27d9f6d91cd9b32033b6d980302d2ed3028c359285031c385ad0ce6ac0d998573e45763dfa814fa105cf9b62_1280.jpg","name":"7b3bdb407571994db3eb7aa84c164c27d9f6d91cd9b32033b6d980302d2ed3028c359285031c385ad0ce6ac0d998573e45763dfa814fa105cf9b62_1280","width":895,"height":1280,"thumbnail":{"url":"np://user.desktop.nicepage.com/Site_844523521/images/thumbnails/7b3bdb407571994db3eb7aa84c164c27d9f6d91cd9b32033b6d980302d2ed3028c359285031c385ad0ce6ac0d998573e45763dfa814fa105cf9b62_1280.jpg","width":175,"height":250},"folderId":null,"originalUrl":"//images01.nicepage.com/c461c07a441a5d220e8feb1a/2f87cb03683b58bbb3632f09/gd6066c06b27b3bdb407571994db3eb7aa84c164c27d9f6d91cd9b32033b6d980302d2ed3028c359285031c385ad0ce6ac0d998573e45763dfa814fa105cf9b62_1280.jpg","usages":["867018198","25533878","34369534","873918735","773719422","43467046","67791642","719428922","363927540","56319218","42709026","23562581","46694690","59154193","1959824349","232400221","735530317","812002730","786628477","175368092","340702800","71016637","98222265","173150895","86714482","1526124516","212816470","554615467","12375760"]},{"id":"user-image-great-wall_1359-1016.jpg","publicUrl":"np://user.desktop.nicepage.com/Site_844523521/images/great-wall_1359-1016.jpg","size":107253,"hash":"2qaGbFa5kEx6ir0gNwx5uchffu8=","fileName":"great-wall_1359-1016.jpg","name":"great-wall_1359-1016","width":626,"height":417,"thumbnail":{"url":"np://user.desktop.nicepage.com/Site_844523521/images/thumbnails/great-wall_1359-1016.jpg","width":250,"height":167},"folderId":null,"originalUrl":"//images01.nicepage.com/c461c07a441a5d220e8feb1a/a8be4e669cb4551da38052d6/great-wall_1359-1016.jpg","usages":["867018198","25533878","34369534","873918735","1072718343","773719422","43467046","67791642","719428922","363927540","56319218","42709026","23562581","35587824","1289900601","1513409862","46694690","59154193","1959824349","232400221","735530317","812002730","786628477","175368092","340702800","71016637","98222265","173150895","86714482","1526124516","212816470","554615467","12375760"]},{"id":"user-image-sss.jpg","publicUrl":"np://user.desktop.nicepage.com/Site_844523521/images/sss.jpg","size":157599,"hash":"2m9ECw1phRLKRe0kTMcj5bQkf3k=","fileName":"sss.jpg","name":"sss","width":700,"height":656,"thumbnail":{"url":"np://user.desktop.nicepage.com/Site_844523521/images/thumbnails/sss.jpg","width":250,"height":234},"folderId":null,"originalUrl":"//images01.nicepage.com/c461c07a441a5d220e8feb1a/76680c2e12495cf8a2e1b8ec/sss.jpg","usages":["867018198","25533878","34369534","67791642","719428922","363927540","56319218","42709026","23562581","46694690","59154193","1959824349","232400221","735530317","812002730","786628477","175368092","173150895","86714482","1526124516","212816470","554615467","12375760"]},{"id":"user-image-DrAylinSemaKlinikFigma3.jpg","publicUrl":"np://user.desktop.nicepage.com/Site_844523521/images/DrAylinSemaKlinikFigma3.jpg","size":755011,"hash":"YdzBrF+tRs8jEW44DqBspV43rpE=","fileName":"DrAylinSemaKlinikFigma3.jpg","name":"DrAylinSemaKlinikFigma3","width":1208,"height":745,"thumbnail":{"url":"np://user.desktop.nicepage.com/Site_844523521/images/thumbnails/DrAylinSemaKlinikFigma3.jpg","width":250,"height":154},"folderId":null,"usages":["46417600","205399038"]},{"id":"user-image-DrAylinSemaKlinikFigma.jpg","publicUrl":"np://user.desktop.nicepage.com/Site_844523521/images/DrAylinSemaKlinikFigma.jpg","size":913830,"hash":"5wkpgVivDY7+kV1KnaY6+cSU8KY=","fileName":"DrAylinSemaKlinikFigma.jpg","name":"DrAylinSemaKlinikFigma","width":1208,"height":906,"thumbnail":{"url":"np://user.desktop.nicepage.com/Site_844523521/images/thumbnails/DrAylinSemaKlinikFigma.jpg","width":250,"height":188},"folderId":null,"usages":["197495934"]},{"id":"user-image-BLOG_Egzama.jpg","publicUrl":"np://user.desktop.nicepage.com/Site_844523521/images/BLOG_Egzama.jpg","size":41118,"hash":"bI3B671O1TtZmWDy3Bmc+2NiuJc=","fileName":"BLOG_Egzama.jpg","name":"BLOG_Egzama","width":709,"height":472,"thumbnail":{"url":"np://user.desktop.nicepage.com/Site_844523521/images/thumbnails/BLOG_Egzama.jpg","width":250,"height":166},"folderId":null,"usages":["2853818464","3015910974"]},{"id":"user-image-BLOG_SAC.jpg","publicUrl":"np://user.desktop.nicepage.com/Site_844523521/images/BLOG_SAC.jpg","size":32183,"hash":"lyOuTBCsxEQCTsOy0lnA+csmKG4=","fileName":"BLOG_SAC.jpg","name":"BLOG_SAC","width":708,"height":480,"thumbnail":{"url":"np://user.desktop.nicepage.com/Site_844523521/images/thumbnails/BLOG_SAC.jpg","width":250,"height":169},"folderId":null,"usages":["2853818464","3015910974"]},{"id":"user-image-BLOG_Gunes.jpg","publicUrl":"np://user.desktop.nicepage.com/Site_844523521/images/BLOG_Gunes.jpg","size":30806,"hash":"YG+tgm+9RiravB3JoPtVXkWDq7Q=","fileName":"BLOG_Gunes.jpg","name":"BLOG_Gunes","width":708,"height":480,"thumbnail":{"url":"np://user.desktop.nicepage.com/Site_844523521/images/thumbnails/BLOG_Gunes.jpg","width":250,"height":169},"folderId":null,"usages":["2853818464"]},{"id":"user-image-BLOG_Yaslilik.jpg","publicUrl":"np://user.desktop.nicepage.com/Site_844523521/images/BLOG_Yaslilik.jpg","size":45598,"hash":"0ZIbMs39B064FUeYRWjBlbiD44M=","fileName":"BLOG_Yaslilik.jpg","name":"BLOG_Yaslilik","width":708,"height":472,"thumbnail":{"url":"np://user.desktop.nicepage.com/Site_844523521/images/thumbnails/BLOG_Yaslilik.jpg","width":250,"height":167},"folderId":null,"usages":["2853818464","197495934"]},{"id":"user-image-BLOG_LekeBen.jpg","publicUrl":"np://user.desktop.nicepage.com/Site_844523521/images/BLOG_LekeBen.jpg","size":32945,"hash":"kSOURBZhCbqxOU9MsnZabdsJKuk=","fileName":"BLOG_LekeBen.jpg","name":"BLOG_LekeBen","width":708,"height":481,"thumbnail":{"url":"np://user.desktop.nicepage.com/Site_844523521/images/thumbnails/BLOG_LekeBen.jpg","width":250,"height":170},"folderId":null,"usages":["2853818464","3015910974"]},{"id":"user-image-BLOG_Akne.jpg","publicUrl":"np://user.desktop.nicepage.com/Site_844523521/images/BLOG_Akne.jpg","size":42893,"hash":"73+Id3R7JYZZ33aOrPPA/6etFvg=","fileName":"BLOG_Akne.jpg","name":"BLOG_Akne","width":708,"height":472,"thumbnail":{"url":"np://user.desktop.nicepage.com/Site_844523521/images/thumbnails/BLOG_Akne.jpg","width":250,"height":167},"folderId":null,"usages":["2853818464"]},{"id":"user-image-434911.png","publicUrl":"np://user.desktop.nicepage.com/Site_844523521/images/434911.png","size":3165,"hash":"Gr7w93oINRvwFzkujumrIeHETzU=","fileName":"434911.png","name":"434911","width":128,"height":128,"thumbnail":{"url":"np://user.desktop.nicepage.com/Site_844523521/images/thumbnails/434911.png","width":128,"height":128,"length":3165,"type":"png"},"folderId":null,"usages":["2293230982"]},{"id":"user-image-627e019cdbe10_tbl_foto_galeri2022095836.jpg","publicUrl":"np://user.desktop.nicepage.com/Site_844523521/images/627e019cdbe10_tbl_foto_galeri2022095836.jpg","size":70613,"hash":"iKw6uPkufvxcE94RLoq0V7BnHRU=","fileName":"627e019cdbe10_tbl_foto_galeri2022095836.jpg","name":"627e019cdbe10_tbl_foto_galeri2022095836","width":1300,"height":946,"thumbnail":{"url":"np://user.desktop.nicepage.com/Site_844523521/images/thumbnails/627e019cdbe10_tbl_foto_galeri2022095836.jpg","width":250,"height":182},"folderId":null,"usages":["2293230982"]},{"id":"user-image-Deri-ve-Zuhrevi-Hastaliklar-Dernegi-Katilim-Belgesi-2.jpg","publicUrl":"np://user.desktop.nicepage.com/Site_844523521/images/Deri-ve-Zuhrevi-Hastaliklar-Dernegi-Katilim-Belgesi-2.jpg","size":306581,"hash":"u6jKRmnUnbRswqWWjVW4srXmfGs=","fileName":"Deri-ve-Zuhrevi-Hastaliklar-Dernegi-Katilim-Belgesi-2.jpg","name":"Deri-ve-Zuhrevi-Hastaliklar-Dernegi-Katilim-Belgesi-2","width":1000,"height":683,"thumbnail":{"url":"np://user.desktop.nicepage.com/Site_844523521/images/thumbnails/Deri-ve-Zuhrevi-Hastaliklar-Dernegi-Katilim-Belgesi-2.jpg","width":250,"height":171},"folderId":null,"usages":["2293230982"]},{"id":"user-image-sertifikalar-kkco--scaled.jpg","publicUrl":"np://user.desktop.nicepage.com/Site_844523521/images/sertifikalar-kkco--scaled.jpg","size":497376,"hash":"LR4CRi4JAY/Gmj+SMy4mNsENYnA=","fileName":"sertifikalar-kkco--scaled.jpg","name":"sertifikalar-kkco--scaled","width":2560,"height":1810,"thumbnail":{"url":"np://user.desktop.nicepage.com/Site_844523521/images/thumbnails/sertifikalar-kkco--scaled.jpg","width":250,"height":177},"folderId":null,"usages":["2293230982"]},{"id":"user-image-3.jpg","publicUrl":"np://user.desktop.nicepage.com/Site_844523521/images/3.jpg","size":123518,"hash":"eR5w5Z19MAbfTlIH5xD4Z3mhFBs=","fileName":"3.jpg","name":"3","width":1000,"height":715,"thumbnail":{"url":"np://user.desktop.nicepage.com/Site_844523521/images/thumbnails/3.jpg","width":250,"height":179},"folderId":null,"usages":["2293230982"]},{"id":"user-image-6703900.png","publicUrl":"np://user.desktop.nicepage.com/Site_844523521/images/6703900.png","size":10611,"hash":"iBmQSrH5hs95Rq5fxQj/sHpxuTg=","fileName":"6703900.png","name":"6703900","width":128,"height":128,"thumbnail":{"url":"np://user.desktop.nicepage.com/Site_844523521/images/thumbnails/6703900.png","width":128,"height":128,"length":10611,"type":"png"},"folderId":null,"usages":["892301088","2293230982"]},{"id":"user-image-627e0196dea81_tbl_foto_galeri2022095830.jpg","publicUrl":"np://user.desktop.nicepage.com/Site_844523521/images/627e0196dea81_tbl_foto_galeri2022095830.jpg","size":95915,"hash":"FBUcCczEdtV84mn/WD//UICdGks=","fileName":"627e0196dea81_tbl_foto_galeri2022095830.jpg","name":"627e0196dea81_tbl_foto_galeri2022095830","width":1300,"height":946,"thumbnail":{"url":"np://user.desktop.nicepage.com/Site_844523521/images/thumbnails/627e0196dea81_tbl_foto_galeri2022095830.jpg","width":250,"height":182},"folderId":null,"usages":["2293230982"]},{"id":"user-image-172.jpg","publicUrl":"np://user.desktop.nicepage.com/Site_844523521/images/172.jpg","size":179783,"hash":"ubW6uRs/ppGDRlNz6nYCSrtNxAU=","fileName":"172.jpg","name":"172","width":800,"height":562,"thumbnail":{"url":"np://user.desktop.nicepage.com/Site_844523521/images/thumbnails/172.jpg","width":250,"height":176},"folderId":null,"usages":["2293230982"]},{"id":"user-image-DrAylinGenis.jpg","publicUrl":"np://user.desktop.nicepage.com/Site_844523521/images/DrAylinGenis.jpg","size":116023,"hash":"uIDQBe2axSIXtEXGuTvw1gGNIa8=","fileName":"DrAylinGenis.jpg","name":"DrAylinGenis","width":3750,"height":781,"thumbnail":{"url":"np://user.desktop.nicepage.com/Site_844523521/images/thumbnails/DrAylinGenis.jpg","width":250,"height":52},"folderId":null,"usages":["46694690","59154193","735530317","2414630284","786628477","1959824349","232400221","175368092","812002730","340702800","98222265","71016637","773719422","43467046","1513409862","35587824","1289900601","67791642","719428922","23562581","363927540","42709026","56319218","173150895","1526124516","212816470","554615467","12375760"]},{"id":"user-image-653220.png","publicUrl":"np://user.desktop.nicepage.com/Site_844523521/images/653220.png","size":3342,"hash":"Ml/gJn7stTg0IVcpD9ZY5kHNYhM=","fileName":"653220.png","name":"653220","width":128,"height":128,"thumbnail":{"url":"np://user.desktop.nicepage.com/Site_844523521/images/thumbnails/653220.png","width":128,"height":128,"length":3342,"type":"png"},"folderId":null,"usages":["289807831"]},{"id":"user-image-DrAylinSemaHakkndaMEDYA4.jpg","publicUrl":"np://user.desktop.nicepage.com/Site_844523521/images/DrAylinSemaHakkndaMEDYA4.jpg","size":35246,"hash":"v547GrkdW9dvgtUXvjrUaXjHVT0=","fileName":"DrAylinSemaHakkndaMEDYA4.jpg","name":"DrAylinSemaHakkndaMEDYA4","width":409,"height":547,"thumbnail":{"url":"np://user.desktop.nicepage.com/Site_844523521/images/thumbnails/DrAylinSemaHakkndaMEDYA4.jpg","width":187,"height":250},"folderId":null,"usages":["205399038"]},{"id":"user-image-DrAylinSemaHakkndaMEDYA6.jpg","publicUrl":"np://user.desktop.nicepage.com/Site_844523521/images/DrAylinSemaHakkndaMEDYA6.jpg","size":29347,"hash":"MSfLaRwpYxx92JlmgGweJQxO+lc=","fileName":"DrAylinSemaHakkndaMEDYA6.jpg","name":"DrAylinSemaHakkndaMEDYA6","width":412,"height":547,"thumbnail":{"url":"np://user.desktop.nicepage.com/Site_844523521/images/thumbnails/DrAylinSemaHakkndaMEDYA6.jpg","width":188,"height":250},"folderId":null,"usages":["205399038"]},{"id":"user-image-DrAylinSemaHakkndaMEDYA5.jpg","publicUrl":"np://user.desktop.nicepage.com/Site_844523521/images/DrAylinSemaHakkndaMEDYA5.jpg","size":31750,"hash":"ETBr5m2aH2ACuF5y8wukE1rc3y4=","fileName":"DrAylinSemaHakkndaMEDYA5.jpg","name":"DrAylinSemaHakkndaMEDYA5","width":412,"height":547,"thumbnail":{"url":"np://user.desktop.nicepage.com/Site_844523521/images/thumbnails/DrAylinSemaHakkndaMEDYA5.jpg","width":188,"height":250},"folderId":null,"usages":["205399038"]},{"id":"user-image-DrAylinSemaHakkndaMEDYA2.jpg","publicUrl":"np://user.desktop.nicepage.com/Site_844523521/images/DrAylinSemaHakkndaMEDYA2.jpg","size":21735,"hash":"El/QDoCPfLzoAkoFdp5XsLnUAGg=","fileName":"DrAylinSemaHakkndaMEDYA2.jpg","name":"DrAylinSemaHakkndaMEDYA2","width":409,"height":547,"thumbnail":{"url":"np://user.desktop.nicepage.com/Site_844523521/images/thumbnails/DrAylinSemaHakkndaMEDYA2.jpg","width":187,"height":250},"folderId":null,"usages":["205399038"]},{"id":"user-image-AylinSemaKlinik2.webp","publicUrl":"np://user.desktop.nicepage.com/Site_844523521/images/AylinSemaKlinik2.webp","size":68396,"hash":"NprTzHsC1WxUidp2BiFbNKorB5w=","fileName":"AylinSemaKlinik2.webp","name":"AylinSemaKlinik2","width":864,"height":1024,"thumbnail":{"url":"np://user.desktop.nicepage.com/Site_844523521/images/thumbnails/AylinSemaKlinik2.webp","width":211,"height":250},"folderId":null,"usages":["46417600"]},{"id":"user-image-1018528.png","publicUrl":"np://user.desktop.nicepage.com/Site_844523521/images/1018528.png","size":5149,"hash":"MHCdsRstz7RvJGeWQFVC6oMVt74=","fileName":"1018528.png","name":"1018528","width":128,"height":128,"thumbnail":{"url":"np://user.desktop.nicepage.com/Site_844523521/images/thumbnails/1018528.png","width":128,"height":128,"length":5149,"type":"png"},"folderId":null,"usages":["46417600","205399038"]},{"id":"user-image-2827728.png","publicUrl":"np://user.desktop.nicepage.com/Site_844523521/images/2827728.png","size":4056,"hash":"te4ugkMXK910Ts6lcj1cGRnhzpo=","fileName":"2827728.png","name":"2827728","width":128,"height":128,"thumbnail":{"url":"np://user.desktop.nicepage.com/Site_844523521/images/thumbnails/2827728.png","width":128,"height":128,"length":4056,"type":"png"},"folderId":null,"usages":["892301088","2293230982"]},{"id":"user-image-2786369.png","publicUrl":"np://user.desktop.nicepage.com/Site_844523521/images/2786369.png","size":3441,"hash":"um+h8WGVmoFQPCnK12ZOqwxh67o=","fileName":"2786369.png","name":"2786369","width":128,"height":128,"thumbnail":{"url":"np://user.desktop.nicepage.com/Site_844523521/images/thumbnails/2786369.png","width":128,"height":128,"length":3441,"type":"png"},"folderId":null,"usages":["85418549"]},{"id":"user-image-DrAylinSema_HakkindaBenler.jpg","publicUrl":"np://user.desktop.nicepage.com/Site_844523521/images/DrAylinSema_HakkindaBenler.jpg","size":92868,"hash":"M9LVFNdU7YqVMCAl5Tde0OiyXDY=","fileName":"DrAylinSema_HakkindaBenler.jpg","name":"DrAylinSema_HakkindaBenler","width":1472,"height":832,"thumbnail":{"url":"np://user.desktop.nicepage.com/Site_844523521/images/thumbnails/DrAylinSema_HakkindaBenler.jpg","width":250,"height":141},"folderId":null,"usages":["85418549","867018198","34369534","873918735","1072718343","25533878","86714482"]},{"id":"user-image-DrAylinSema_Hakkinda.jpg","publicUrl":"np://user.desktop.nicepage.com/Site_844523521/images/DrAylinSema_Hakkinda.jpg","size":95079,"hash":"mfVGFVeHZXMuGot1LApYZ7KHNDw=","fileName":"DrAylinSema_Hakkinda.jpg","name":"DrAylinSema_Hakkinda","width":1472,"height":832,"thumbnail":{"url":"np://user.desktop.nicepage.com/Site_844523521/images/thumbnails/DrAylinSema_Hakkinda.jpg","width":250,"height":141},"folderId":null,"usages":["2293230982"]},{"id":"user-image-5806342.png","publicUrl":"np://user.desktop.nicepage.com/Site_844523521/images/5806342.png","size":12492,"hash":"iCDhCdG7xOjRuGbbxZqRnIbtLxg=","fileName":"5806342.png","name":"5806342","width":128,"height":128,"thumbnail":{"url":"np://user.desktop.nicepage.com/Site_844523521/images/thumbnails/5806342.png","width":128,"height":128,"length":12492,"type":"png"},"folderId":null,"usages":["289807831","277619326"]},{"id":"user-image-beautiful-womans-face-with-juicy-orange_155003-41007.jpg","publicUrl":"np://user.desktop.nicepage.com/Site_844523521/images/beautiful-womans-face-with-juicy-orange_155003-41007.jpg","size":132776,"hash":"ndyGenfwLslE/nxb1Z0DDbd51c8=","fileName":"beautiful-womans-face-with-juicy-orange_155003-41007.jpg","name":"beautiful-womans-face-with-juicy-orange_155003-41007","width":740,"height":1110,"thumbnail":{"url":"np://user.desktop.nicepage.com/Site_844523521/images/thumbnails/beautiful-womans-face-with-juicy-orange_155003-41007.jpg","width":167,"height":250},"folderId":null,"usages":["2346412227"]},{"id":"user-image-GreenPeel.jpg","publicUrl":"np://user.desktop.nicepage.com/Site_844523521/images/GreenPeel.jpg","size":146231,"hash":"1ftk2mZxj1J/7PYzYQncz4iS/iY=","fileName":"GreenPeel.jpg","name":"GreenPeel","width":740,"height":1110,"thumbnail":{"url":"np://user.desktop.nicepage.com/Site_844523521/images/thumbnails/GreenPeel.jpg","width":167,"height":250},"folderId":null,"usages":["2346412227"]},{"id":"user-image-cN6EQJ8NYks.jpg","publicUrl":"np://user.desktop.nicepage.com/Site_844523521/images/cN6EQJ8NYks.jpg","size":126965,"hash":"2r6AmC/rYtXDzTDonGOFStTNFNg=","fileName":"cN6EQJ8NYks.jpg","name":"cN6EQJ8NYks","width":740,"height":740,"thumbnail":{"url":"np://user.desktop.nicepage.com/Site_844523521/images/thumbnails/cN6EQJ8NYks.jpg","width":250,"height":250},"folderId":null,"usages":["2346412227","560302209","289807831","46694690"]},{"id":"user-image-u6cA5ZITh-g.jpg","publicUrl":"np://user.desktop.nicepage.com/Site_844523521/images/u6cA5ZITh-g.jpg","size":146386,"hash":"RlbfXuJ/hbGv54imDglcRpHJ1fY=","fileName":"u6cA5ZITh-g.jpg","name":"u6cA5ZITh-g","width":740,"height":1110,"thumbnail":{"url":"np://user.desktop.nicepage.com/Site_844523521/images/thumbnails/u6cA5ZITh-g.jpg","width":167,"height":250},"folderId":null,"usages":["2346412227","289807831"]},{"id":"user-image-brown-wooden-pathway-green-trees.jpg","publicUrl":"np://user.desktop.nicepage.com/Site_844523521/images/brown-wooden-pathway-green-trees.jpg","size":392532,"hash":"HvpAXAzpomVBed4Bpv5cL2Xn1IQ=","fileName":"brown-wooden-pathway-green-trees.jpg","name":"brown-wooden-pathway-green-trees","width":740,"height":1109,"thumbnail":{"url":"np://user.desktop.nicepage.com/Site_844523521/images/thumbnails/brown-wooden-pathway-green-trees.jpg","width":167,"height":250},"folderId":null,"originalUrl":"https://assets.nicepagecdn.com/d2cc3eaa/5380758/images/brown-wooden-pathway-green-trees.jpg","usages":["2346412227"]},{"id":"user-image-6890.jpg","publicUrl":"np://user.desktop.nicepage.com/Site_844523521/images/6890.jpg","size":288172,"hash":"q9GvZ6QsRCny8XROnpfqZXMYz/g=","fileName":"6890.jpg","name":"6890","width":740,"height":925,"thumbnail":{"url":"np://user.desktop.nicepage.com/Site_844523521/images/thumbnails/6890.jpg","width":200,"height":250},"folderId":null,"originalUrl":"https://assets.nicepagecdn.com/d2cc3eaa/2625193/images/6890.jpg","usages":["2346412227"]},{"id":"user-image-45677.jpg","publicUrl":"np://user.desktop.nicepage.com/Site_844523521/images/45677.jpg","size":293792,"hash":"ZarGwLSOEcgzrFgojDvXWTFcrJY=","fileName":"45677.jpg","name":"45677","width":740,"height":925,"thumbnail":{"url":"np://user.desktop.nicepage.com/Site_844523521/images/thumbnails/45677.jpg","width":200,"height":250},"folderId":null,"originalUrl":"https://assets.nicepagecdn.com/d2cc3eaa/2625193/images/45677.jpg","usages":["2346412227"]},{"id":"user-image-man-walking-stone-pathway-surrou.jpg","publicUrl":"np://user.desktop.nicepage.com/Site_844523521/images/man-walking-stone-pathway-surrou.jpg","size":230806,"hash":"iD6MFm+IHL2S1mqWqRlhNLu/hlQ=","fileName":"man-walking-stone-pathway-surrou.jpg","name":"man-walking-stone-pathway-surrou","width":740,"height":925,"thumbnail":{"url":"np://user.desktop.nicepage.com/Site_844523521/images/thumbnails/man-walking-stone-pathway-surrou.jpg","width":200,"height":250},"folderId":null,"originalUrl":"https://assets.nicepagecdn.com/d2cc3eaa/5380758/images/man-walking-stone-pathway-surrou.jpg","usages":["2346412227"]},{"id":"user-image-579.jpg","publicUrl":"np://user.desktop.nicepage.com/Site_844523521/images/579.jpg","size":381397,"hash":"A72ff9MG4qRWN4+06+4bewOyhEI=","fileName":"579.jpg","name":"579","width":740,"height":925,"thumbnail":{"url":"np://user.desktop.nicepage.com/Site_844523521/images/thumbnails/579.jpg","width":200,"height":250},"folderId":null,"originalUrl":"https://assets.nicepagecdn.com/d2cc3eaa/2625193/images/579.jpg","usages":["2346412227"]},{"id":"user-image-14.jpg","publicUrl":"np://user.desktop.nicepage.com/Site_844523521/images/14.jpg","size":147554,"hash":"7QO5bKBbcAjUJJiGcmpA49qMugo=","fileName":"14.jpg","name":"14","width":740,"height":925,"thumbnail":{"url":"np://user.desktop.nicepage.com/Site_844523521/images/thumbnails/14.jpg","width":200,"height":250},"folderId":null,"originalUrl":"https://assets.nicepagecdn.com/d2cc3eaa/2625193/images/14.jpg","usages":["2346412227"]},{"id":"user-image-y8.jpg","publicUrl":"np://user.desktop.nicepage.com/Site_844523521/images/y8.jpg","size":453881,"hash":"recqO11Sly6fwiBxAW56tlyTFi8=","fileName":"y8.jpg","name":"y8","width":740,"height":925,"thumbnail":{"url":"np://user.desktop.nicepage.com/Site_844523521/images/thumbnails/y8.jpg","width":200,"height":250},"folderId":null,"originalUrl":"https://assets.nicepagecdn.com/d2cc3eaa/2625193/images/y8.jpg","usages":["2346412227"]},{"id":"user-image-6803.jpg","publicUrl":"np://user.desktop.nicepage.com/Site_844523521/images/6803.jpg","size":289483,"hash":"9eKsXDuiwFcoY5SQgVerwaeloeo=","fileName":"6803.jpg","name":"6803","width":740,"height":925,"thumbnail":{"url":"np://user.desktop.nicepage.com/Site_844523521/images/thumbnails/6803.jpg","width":200,"height":250},"folderId":null,"originalUrl":"https://assets.nicepagecdn.com/d2cc3eaa/2625193/images/6803.jpg","usages":["2346412227"]},{"id":"user-image-grand-canyon-nature-footage-arizona-usa4.jpg","publicUrl":"np://user.desktop.nicepage.com/Site_844523521/images/grand-canyon-nature-footage-arizona-usa4.jpg","size":332360,"hash":"AQKGH+LJHkw9eyBGbYSyBrxzKPI=","fileName":"grand-canyon-nature-footage-arizona-usa4.jpg","name":"grand-canyon-nature-footage-arizona-usa4","width":800,"height":946,"thumbnail":{"url":"np://user.desktop.nicepage.com/Site_844523521/images/thumbnails/grand-canyon-nature-footage-arizona-usa4.jpg","width":211,"height":250},"folderId":null,"originalUrl":"https://assets.nicepagecdn.com/d2cc3eaa/5380758/images/grand-canyon-nature-footage-arizona-usa4.jpg","usages":["2346412227"]},{"id":"user-image-it-s-your-result-is-higher-than.jpg","publicUrl":"np://user.desktop.nicepage.com/Site_844523521/images/it-s-your-result-is-higher-than.jpg","size":176594,"hash":"3ZiaxpHGN7HdZwl1uvX+F9UHjW8=","fileName":"it-s-your-result-is-higher-than.jpg","name":"it-s-your-result-is-higher-than","width":1380,"height":920,"thumbnail":{"url":"np://user.desktop.nicepage.com/Site_844523521/images/thumbnails/it-s-your-result-is-higher-than.jpg","width":250,"height":167},"folderId":null,"originalUrl":"https://assets.nicepagecdn.com/d2cc3eaa/6411963/images/it-s-your-result-is-higher-than.jpg","usages":["2346412227"]},{"id":"user-image-woman-working-office_144627-4422.jpg","publicUrl":"np://user.desktop.nicepage.com/Site_844523521/images/woman-working-office_144627-4422.jpg","size":127087,"hash":"JybPtUuECydMsKhWBV2RG1x29dM=","fileName":"woman-working-office_144627-4422.jpg","name":"woman-working-office_144627-4422","width":740,"height":907,"thumbnail":{"url":"np://user.desktop.nicepage.com/Site_844523521/images/thumbnails/woman-working-office_144627-4422.jpg","width":204,"height":250},"folderId":null,"originalUrl":"https://assets.nicepagecdn.com/d2cc3eaa/6411963/images/woman-working-office_144627-4422.jpg","usages":["2346412227"]},{"id":"user-image-Untitled-3u.jpg","publicUrl":"np://user.desktop.nicepage.com/Site_844523521/images/Untitled-3u.jpg","size":134951,"hash":"o3kP3/6FIcuPyv9/ZLbtoUc8LxE=","fileName":"Untitled-3u.jpg","name":"Untitled-3u","width":740,"height":595,"thumbnail":{"url":"np://user.desktop.nicepage.com/Site_844523521/images/thumbnails/Untitled-3u.jpg","width":250,"height":201},"folderId":null,"originalUrl":"https://assets.nicepagecdn.com/d2cc3eaa/6411963/images/Untitled-3u.jpg","usages":["2346412227"]},{"id":"user-image-meeting-young-designers_1098-142.jpg","publicUrl":"np://user.desktop.nicepage.com/Site_844523521/images/meeting-young-designers_1098-142.jpg","size":204910,"hash":"63QilY5MpekAlx4ONAV8giK2XdQ=","fileName":"meeting-young-designers_1098-142.jpg","name":"meeting-young-designers_1098-142","width":1380,"height":920,"thumbnail":{"url":"np://user.desktop.nicepage.com/Site_844523521/images/thumbnails/meeting-young-designers_1098-142.jpg","width":250,"height":167},"folderId":null,"originalUrl":"https://assets.nicepagecdn.com/d2cc3eaa/6411963/images/meeting-young-designers_1098-142.jpg","usages":["2346412227"]},{"id":"user-image-front-view-women-correcting-gram.jpg","publicUrl":"np://user.desktop.nicepage.com/Site_844523521/images/front-view-women-correcting-gram.jpg","size":158327,"hash":"2pBZrvtyPq/39QUh9qgBS4KQ7e4=","fileName":"front-view-women-correcting-gram.jpg","name":"front-view-women-correcting-gram","width":740,"height":1108,"thumbnail":{"url":"np://user.desktop.nicepage.com/Site_844523521/images/thumbnails/front-view-women-correcting-gram.jpg","width":167,"height":250},"folderId":null,"originalUrl":"https://assets.nicepagecdn.com/d2cc3eaa/6411963/images/front-view-women-correcting-gram.jpg","usages":["2346412227"]},{"id":"user-image-group-creative-people-analyzing.jpg","publicUrl":"np://user.desktop.nicepage.com/Site_844523521/images/group-creative-people-analyzing.jpg","size":184014,"hash":"jS44KjdrEMtRAY8A+LPM2FQRi9Q=","fileName":"group-creative-people-analyzing.jpg","name":"group-creative-people-analyzing","width":1380,"height":920,"thumbnail":{"url":"np://user.desktop.nicepage.com/Site_844523521/images/thumbnails/group-creative-people-analyzing.jpg","width":250,"height":167},"folderId":null,"originalUrl":"https://assets.nicepagecdn.com/d2cc3eaa/6411963/images/group-creative-people-analyzing.jpg","usages":["2346412227"]},{"id":"user-image-young-librarian-organising-books.jpg","publicUrl":"np://user.desktop.nicepage.com/Site_844523521/images/young-librarian-organising-books.jpg","size":245036,"hash":"vpDldIhWGGb3oVeWI5xtavCrgaI=","fileName":"young-librarian-organising-books.jpg","name":"young-librarian-organising-books","width":1380,"height":985,"thumbnail":{"url":"np://user.desktop.nicepage.com/Site_844523521/images/thumbnails/young-librarian-organising-books.jpg","width":250,"height":178},"folderId":null,"originalUrl":"https://assets.nicepagecdn.com/d2cc3eaa/6411963/images/young-librarian-organising-books.jpg","usages":["560302209"]},{"id":"user-image-smiling-boy-visiting-big-ben_114.jpg","publicUrl":"np://user.desktop.nicepage.com/Site_844523521/images/smiling-boy-visiting-big-ben_114.jpg","size":260927,"hash":"KeS2+IyIqOr33WaigDUV73i/vCM=","fileName":"smiling-boy-visiting-big-ben_114.jpg","name":"smiling-boy-visiting-big-ben_114","width":1380,"height":916,"thumbnail":{"url":"np://user.desktop.nicepage.com/Site_844523521/images/thumbnails/smiling-boy-visiting-big-ben_114.jpg","width":250,"height":166},"folderId":null,"originalUrl":"https://assets.nicepagecdn.com/d2cc3eaa/6411963/images/smiling-boy-visiting-big-ben_114.jpg","usages":["560302209"]},{"id":"user-image-vertical-shot-freckled-brunette-young-woman-sits-home-with-credit-card_273609-19077.jpg","publicUrl":"np://user.desktop.nicepage.com/Site_844523521/images/vertical-shot-freckled-brunette-young-woman-sits-home-with-credit-card_273609-19077.jpg","size":121345,"hash":"Hx9SnaGT0B/Uq+NNRZzcabI5eVg=","fileName":"vertical-shot-freckled-brunette-young-woman-sits-home-with-credit-card_273609-19077.jpg","name":"vertical-shot-freckled-brunette-young-woman-sits-home-with-credit-card_273609-19077","width":740,"height":1110,"thumbnail":{"url":"np://user.desktop.nicepage.com/Site_844523521/images/thumbnails/vertical-shot-freckled-brunette-young-woman-sits-home-with-credit-card_273609-19077.jpg","width":167,"height":250},"folderId":null,"originalUrl":"https://assets.nicepagecdn.com/d2cc3eaa/6411963/images/vertical-shot-freckled-brunette-young-woman-sits-home-with-credit-card_273609-19077.jpg","usages":["560302209"]},{"id":"user-image-7297083.png","publicUrl":"np://user.desktop.nicepage.com/Site_844523521/images/7297083.png","size":3428,"hash":"zFXaQQC8tJ90dZcyqgdrxarplAM=","fileName":"7297083.png","name":"7297083","width":128,"height":128,"thumbnail":{"url":"np://user.desktop.nicepage.com/Site_844523521/images/thumbnails/7297083.png","width":128,"height":128,"length":3428,"type":"png"},"folderId":null,"usages":[]},{"id":"user-image-1257.png","publicUrl":"np://user.desktop.nicepage.com/Site_844523521/images/1257.png","size":2061,"hash":"YyIgpDpRhQ1ECzztqklefz31Hxk=","fileName":"1257.png","name":"1257","width":128,"height":128,"thumbnail":{"url":"np://user.desktop.nicepage.com/Site_844523521/images/thumbnails/1257.png","width":128,"height":128,"length":2061,"type":"png"},"folderId":null,"usages":["560302209","205399038"]},{"id":"user-image-542689.png","publicUrl":"np://user.desktop.nicepage.com/Site_844523521/images/542689.png","size":1731,"hash":"ctr3nUQKtqpakt950laXL2mvUwM=","fileName":"542689.png","name":"542689","width":128,"height":128,"thumbnail":{"url":"np://user.desktop.nicepage.com/Site_844523521/images/thumbnails/542689.png","width":128,"height":128,"length":1731,"type":"png"},"folderId":null,"usages":["560302209","205399038"]},{"id":"user-image-447031.png","publicUrl":"np://user.desktop.nicepage.com/Site_844523521/images/447031.png","size":2026,"hash":"8luewZtWybdyLtyNQpBqJpkfc3Y=","fileName":"447031.png","name":"447031","width":128,"height":128,"thumbnail":{"url":"np://user.desktop.nicepage.com/Site_844523521/images/thumbnails/447031.png","width":128,"height":128,"length":2026,"type":"png"},"folderId":null,"usages":["560302209","205399038"]},{"id":"user-image-3303088.png","publicUrl":"np://user.desktop.nicepage.com/Site_844523521/images/3303088.png","size":1947,"hash":"/APBmFT5lkESL/7lSvRPK2n4GLQ=","fileName":"3303088.png","name":"3303088","width":128,"height":128,"thumbnail":{"url":"np://user.desktop.nicepage.com/Site_844523521/images/thumbnails/3303088.png","width":128,"height":128,"length":1947,"type":"png"},"folderId":null,"usages":["197495934"]},{"id":"user-image-4165380.png","publicUrl":"np://user.desktop.nicepage.com/Site_844523521/images/4165380.png","size":2340,"hash":"8bMYMChW3PDM0EC9wIkbQo+eAsU=","fileName":"4165380.png","name":"4165380","width":128,"height":128,"thumbnail":{"url":"np://user.desktop.nicepage.com/Site_844523521/images/thumbnails/4165380.png","width":128,"height":128,"length":2340,"type":"png"},"folderId":null,"usages":["197495934","46694690","560302209","85418549","59154193","735530317","2414630284","786628477","1959824349","232400221","175368092","812002730","340702800","98222265","71016637","773719422","43467046","1513409862","35587824","1289900601","867018198","67791642","719428922","23562581","363927540","42709026","56319218","25533878","34369534","873918735","1072718343","173150895","86714482","1526124516","212816470","554615467","12375760"]},{"id":"user-image-9845752.png","publicUrl":"np://user.desktop.nicepage.com/Site_844523521/images/9845752.png","size":2904,"hash":"a8ySisxoTf/diqMT174OtM+qN/k=","fileName":"9845752.png","name":"9845752","width":128,"height":128,"thumbnail":{"url":"np://user.desktop.nicepage.com/Site_844523521/images/thumbnails/9845752.png","width":128,"height":128,"length":2904,"type":"png"},"folderId":null,"usages":["197495934","46694690","560302209","85418549","59154193","735530317","2414630284","786628477","1959824349","232400221","175368092","812002730","340702800","98222265","71016637","773719422","43467046","1513409862","35587824","1289900601","867018198","67791642","719428922","23562581","363927540","42709026","56319218","25533878","34369534","873918735","1072718343","173150895","86714482","1526124516","212816470","554615467","12375760"]},{"id":"user-image-447092.png","publicUrl":"np://user.desktop.nicepage.com/Site_844523521/images/447092.png","size":1160,"hash":"89Iz8Io4xe08AzjOH4PAFXv5ikc=","fileName":"447092.png","name":"447092","width":128,"height":128,"thumbnail":{"url":"np://user.desktop.nicepage.com/Site_844523521/images/thumbnails/447092.png","width":128,"height":128,"length":1160,"type":"png"},"folderId":null,"usages":["197495934","46694690","560302209","85418549","59154193","735530317","2414630284","786628477","1959824349","232400221","175368092","812002730","340702800","98222265","71016637","773719422","43467046","1513409862","35587824","1289900601","867018198","67791642","719428922","23562581","363927540","42709026","56319218","25533878","34369534","873918735","1072718343","173150895","86714482","1526124516","212816470","554615467","12375760"]},{"id":"user-image-dr-mehtap-vatansever-klinik-013.jpg","publicUrl":"np://user.desktop.nicepage.com/Site_844523521/images/dr-mehtap-vatansever-klinik-013.jpg","size":1358970,"hash":"YDvFf0b9CIeWAu7+A+awzUeX31g=","fileName":"dr-mehtap-vatansever-klinik-013.jpg","name":"dr-mehtap-vatansever-klinik-013","width":2000,"height":1477,"thumbnail":{"url":"np://user.desktop.nicepage.com/Site_844523521/images/thumbnails/dr-mehtap-vatansever-klinik-013.jpg","width":250,"height":185},"folderId":null,"usages":["560302209","85418549","197495934"]},{"id":"user-image-dr-mehtap-vatansever-klinik-020.jpg","publicUrl":"np://user.desktop.nicepage.com/Site_844523521/images/dr-mehtap-vatansever-klinik-020.jpg","size":982056,"hash":"XZQsSa5m1D1an2+CUGeEEqqWEzc=","fileName":"dr-mehtap-vatansever-klinik-020.jpg","name":"dr-mehtap-vatansever-klinik-020","width":2000,"height":1395,"thumbnail":{"url":"np://user.desktop.nicepage.com/Site_844523521/images/thumbnails/dr-mehtap-vatansever-klinik-020.jpg","width":250,"height":174},"folderId":null,"usages":["197495934","560302209","85418549"]},{"id":"user-image-dr-mehtap-vatansever-klinik-012.jpg","publicUrl":"np://user.desktop.nicepage.com/Site_844523521/images/dr-mehtap-vatansever-klinik-012.jpg","size":796514,"hash":"xNTC5J9MHP5I5JOgd7zm5HBQ87Q=","fileName":"dr-mehtap-vatansever-klinik-012.jpg","name":"dr-mehtap-vatansever-klinik-012","width":2000,"height":1387,"thumbnail":{"url":"np://user.desktop.nicepage.com/Site_844523521/images/thumbnails/dr-mehtap-vatansever-klinik-012.jpg","width":250,"height":173},"folderId":null,"usages":["197495934","560302209","85418549"]},{"id":"user-image-2f093171be5decc389b498b051a8c62d80b1c6188b856f9aa8bc0fb012f27a708b39d331ae4d43304575fa3629bde86bdbe183d57a3d64ecd84949_1280.jpg","publicUrl":"np://user.desktop.nicepage.com/Site_844523521/images/2f093171be5decc389b498b051a8c62d80b1c6188b856f9aa8bc0fb012f27a708b39d331ae4d43304575fa3629bde86bdbe183d57a3d64ecd84949_1280.jpg","size":63833,"hash":"DV4suoUZdAGduWMj84WdFAeO22M=","fileName":"2f093171be5decc389b498b051a8c62d80b1c6188b856f9aa8bc0fb012f27a708b39d331ae4d43304575fa3629bde86bdbe183d57a3d64ecd84949_1280.jpg","name":"2f093171be5decc389b498b051a8c62d80b1c6188b856f9aa8bc0fb012f27a708b39d331ae4d43304575fa3629bde86bdbe183d57a3d64ecd84949_1280","width":1280,"height":854,"thumbnail":{"url":"np://user.desktop.nicepage.com/Site_844523521/images/thumbnails/2f093171be5decc389b498b051a8c62d80b1c6188b856f9aa8bc0fb012f27a708b39d331ae4d43304575fa3629bde86bdbe183d57a3d64ecd84949_1280.jpg","width":250,"height":167},"folderId":null,"usages":["197495934"]},{"id":"user-image-34efd317ba1f966b96be8a62358daf3ac86691b29322a261df9487846c1bbbfcc1239e091da9aab1f62a7e7a230273bac6cab313b2aecc5185ae7b_1280.jpg","publicUrl":"np://user.desktop.nicepage.com/Site_844523521/images/34efd317ba1f966b96be8a62358daf3ac86691b29322a261df9487846c1bbbfcc1239e091da9aab1f62a7e7a230273bac6cab313b2aecc5185ae7b_1280.jpg","size":269780,"hash":"cJxU1ePrC1Ky+3k+b4AORlms8Gs=","fileName":"34efd317ba1f966b96be8a62358daf3ac86691b29322a261df9487846c1bbbfcc1239e091da9aab1f62a7e7a230273bac6cab313b2aecc5185ae7b_1280.jpg","name":"34efd317ba1f966b96be8a62358daf3ac86691b29322a261df9487846c1bbbfcc1239e091da9aab1f62a7e7a230273bac6cab313b2aecc5185ae7b_1280","width":1280,"height":923,"thumbnail":{"url":"np://user.desktop.nicepage.com/Site_844523521/images/thumbnails/34efd317ba1f966b96be8a62358daf3ac86691b29322a261df9487846c1bbbfcc1239e091da9aab1f62a7e7a230273bac6cab313b2aecc5185ae7b_1280.jpg","width":250,"height":180},"folderId":null,"usages":["197495934"]},{"id":"user-image-8dcf2dd17fcceeed530caf74e3bcc486854f615a94ef2e662e2a831daa948902679822150fd1397230638ffcc9523293b6464c8ac642a5e4a88d06_1280.jpg","publicUrl":"np://user.desktop.nicepage.com/Site_844523521/images/8dcf2dd17fcceeed530caf74e3bcc486854f615a94ef2e662e2a831daa948902679822150fd1397230638ffcc9523293b6464c8ac642a5e4a88d06_1280.jpg","size":188826,"hash":"TR+MhuE6ovtxo+M7d7gc6az2mEE=","fileName":"8dcf2dd17fcceeed530caf74e3bcc486854f615a94ef2e662e2a831daa948902679822150fd1397230638ffcc9523293b6464c8ac642a5e4a88d06_1280.jpg","name":"8dcf2dd17fcceeed530caf74e3bcc486854f615a94ef2e662e2a831daa948902679822150fd1397230638ffcc9523293b6464c8ac642a5e4a88d06_1280","width":1280,"height":853,"thumbnail":{"url":"np://user.desktop.nicepage.com/Site_844523521/images/thumbnails/8dcf2dd17fcceeed530caf74e3bcc486854f615a94ef2e662e2a831daa948902679822150fd1397230638ffcc9523293b6464c8ac642a5e4a88d06_1280.jpg","width":250,"height":167},"folderId":null,"usages":["197495934"]},{"id":"user-image-Morarkadesendedermatolojiileilgilistokfotorafolutur..jpg","publicUrl":"np://user.desktop.nicepage.com/Site_844523521/images/Morarkadesendedermatolojiileilgilistokfotorafolutur..jpg","size":72598,"hash":"hSLm+v7EqVsL6puYy6UIOMd/rsc=","fileName":"Morarkadesendedermatolojiileilgilistokfotorafolutur..jpg","name":"Morarkadesendedermatolojiileilgilistokfotorafolutur.","width":1472,"height":832,"thumbnail":{"url":"np://user.desktop.nicepage.com/Site_844523521/images/thumbnails/Morarkadesendedermatolojiileilgilistokfotorafolutur..jpg","width":250,"height":141},"folderId":null,"usages":["197495934","560302209","289807831","85418549"]},{"id":"user-image-undergoing-skin-resurfacing-procedure-MUN2XTD.jpg","publicUrl":"np://user.desktop.nicepage.com/Site_844523521/images/undergoing-skin-resurfacing-procedure-MUN2XTD.jpg","size":28554,"hash":"HRFUB85yUcc4jm3TVqrjaox2JNU=","fileName":"undergoing-skin-resurfacing-procedure-MUN2XTD.jpg","name":"undergoing-skin-resurfacing-procedure-MUN2XTD","width":325,"height":533,"thumbnail":{"url":"np://user.desktop.nicepage.com/Site_844523521/images/thumbnails/undergoing-skin-resurfacing-procedure-MUN2XTD.jpg","width":152,"height":250},"folderId":null,"usages":["197495934","46694690","560302209","85418549","59154193","735530317","2414630284","786628477","1959824349","232400221","175368092","812002730","340702800","98222265","71016637","773719422","43467046","1513409862","35587824","1289900601","867018198","67791642","719428922","23562581","363927540","42709026","56319218","25533878","34369534","873918735","1072718343","173150895","86714482","1526124516","212816470","554615467","12375760"]},{"id":"user-image-botoks-uygulamalari-01.jpg","publicUrl":"np://user.desktop.nicepage.com/Site_844523521/images/botoks-uygulamalari-01.jpg","size":18290,"hash":"aPUzA1s1JHk/E/Hu50IF8fHNT9c=","fileName":"botoks-uygulamalari-01.jpg","name":"botoks-uygulamalari-01","width":444,"height":373,"thumbnail":{"url":"np://user.desktop.nicepage.com/Site_844523521/images/thumbnails/botoks-uygulamalari-01.jpg","width":250,"height":210},"folderId":null,"usages":["197495934","46694690","560302209","85418549","59154193","735530317","2414630284","786628477","1959824349","232400221","175368092","812002730","340702800","98222265","71016637","773719422","43467046","1513409862","35587824","1289900601","867018198","67791642","719428922","23562581","363927540","42709026","56319218","25533878","34369534","873918735","1072718343","173150895","86714482","1526124516","212816470","554615467","12375760"]},{"id":"user-image-2fd11ced0800a9ad22a84ca0cb07f7b24c4385b8ad7f1a110318bacd9132404c72dca063a17637cb8faa1912744230edd9bdb70027f1cc4a14f1a5_1280.jpg","publicUrl":"np://user.desktop.nicepage.com/Site_844523521/images/2fd11ced0800a9ad22a84ca0cb07f7b24c4385b8ad7f1a110318bacd9132404c72dca063a17637cb8faa1912744230edd9bdb70027f1cc4a14f1a5_1280.jpg","size":65315,"hash":"krCe4SVqPYPmCfxd7R1pI3PQ/Rs=","fileName":"2fd11ced0800a9ad22a84ca0cb07f7b24c4385b8ad7f1a110318bacd9132404c72dca063a17637cb8faa1912744230edd9bdb70027f1cc4a14f1a5_1280.jpg","name":"2fd11ced0800a9ad22a84ca0cb07f7b24c4385b8ad7f1a110318bacd9132404c72dca063a17637cb8faa1912744230edd9bdb70027f1cc4a14f1a5_1280","width":1280,"height":769,"thumbnail":{"url":"np://user.desktop.nicepage.com/Site_844523521/images/thumbnails/2fd11ced0800a9ad22a84ca0cb07f7b24c4385b8ad7f1a110318bacd9132404c72dca063a17637cb8faa1912744230edd9bdb70027f1cc4a14f1a5_1280.jpg","width":250,"height":150},"folderId":null,"usages":["46694690","560302209","85418549","59154193","735530317","2414630284","786628477","1959824349","232400221","175368092","812002730","340702800","98222265","71016637","773719422","43467046","1513409862","35587824","1289900601","867018198","67791642","719428922","23562581","363927540","42709026","56319218","25533878","34369534","873918735","1072718343","173150895","86714482","1526124516","212816470","554615467","12375760"]},{"id":"user-image-SolYaprakAlt.png","publicUrl":"np://user.desktop.nicepage.com/Site_844523521/images/SolYaprakAlt.png","size":36553,"hash":"Y+Ya7EkOu4g2LoI6SedqkdSTdsg=","fileName":"SolYaprakAlt.png","name":"SolYaprakAlt","width":300,"height":303,"thumbnail":{"url":"np://user.desktop.nicepage.com/Site_844523521/images/thumbnails/SolYaprakAlt.png","width":248,"height":250},"folderId":null,"usages":["197495934","46694690","560302209","85418549","59154193","735530317","2414630284","786628477","1959824349","232400221","175368092","812002730","340702800","98222265","71016637","773719422","43467046","1513409862","35587824","1289900601","867018198","67791642","719428922","23562581","363927540","42709026","56319218","25533878","34369534","873918735","1072718343","173150895","86714482","1526124516","212816470","554615467","12375760"]},{"id":"user-image-DrAylinYuz2.png","publicUrl":"np://user.desktop.nicepage.com/Site_844523521/images/DrAylinYuz2.png","size":527295,"hash":"B+85k8kGBGRfIpzRMNxp3hf6VXE=","fileName":"DrAylinYuz2.png","name":"DrAylinYuz2","width":1708,"height":2025,"thumbnail":{"url":"np://user.desktop.nicepage.com/Site_844523521/images/thumbnails/DrAylinYuz2.png","width":211,"height":250},"folderId":null,"usages":["197495934","560302209","85418549"]},{"id":"user-image-2838794.png","publicUrl":"np://user.desktop.nicepage.com/Site_844523521/images/2838794.png","size":3771,"hash":"FTbWJAhUT9SFreuGMJ1auPVO6ME=","fileName":"2838794.png","name":"2838794","width":128,"height":128,"thumbnail":{"url":"np://user.desktop.nicepage.com/Site_844523521/images/thumbnails/2838794.png","width":128,"height":128,"length":3771,"type":"png"},"folderId":null,"originalUrl":"https://assets.nicepagecdn.com/11a8ddce/6413927/images/2838794.png","usages":["197495934"]},{"id":"user-image-favicon.png","publicUrl":"np://user.desktop.nicepage.com/Site_844523521/images/favicon.png","size":14582,"hash":"B4huFvpvliAt4E9fNIQtvxSh9UI=","fileName":"favicon.png","name":"favicon","width":199,"height":199,"thumbnail":{"url":"np://user.desktop.nicepage.com/Site_844523521/images/thumbnails/favicon.png","width":199,"height":199,"length":14582,"type":"png"},"folderId":null,"usages":["892301088"]}]