[{"id":3015910974,"title":"Blog Template","order":1,"templateKey":"blog","customTemplate":false,"customTemplateFilename":null,"pageLinks":["197495934"],"dateCreated":"2024-02-19T20:39:19.534Z","dateUpdated":"2025-02-01T10:27:29.341Z","folderId":null,"pageName":"Blog Template","serverPageId":null,"sectionCount":2,"status":2,"backwardUrl":null},{"id":2853818464,"title":"Post Template","order":2,"templateKey":"post","customTemplate":false,"customTemplateFilename":null,"pageLinks":["197495934"],"dateCreated":"2024-02-19T20:39:19.684Z","dateUpdated":"2025-01-30T22:05:06.345Z","folderId":null,"pageName":"Post Template","serverPageId":null,"sectionCount":2,"status":2,"backwardUrl":null},{"id":1960007371,"title":"Product List Template","order":3,"templateKey":"products","customTemplate":false,"customTemplateFilename":null,"pageLinks":[],"dateCreated":"2024-02-19T20:39:19.876Z","dateUpdated":"2024-02-19T20:39:21.398Z","folderId":null,"pageName":"Product List Template","serverPageId":null,"sectionCount":1,"status":2,"backwardUrl":null},{"id":512303646,"title":"Product Details Template","order":4,"templateKey":"product","customTemplate":false,"customTemplateFilename":null,"pageLinks":[],"dateCreated":"2024-02-19T20:39:20.176Z","dateUpdated":"2024-02-19T20:39:21.399Z","folderId":null,"pageName":"Product Details Template","serverPageId":null,"sectionCount":1,"status":2,"backwardUrl":null},{"id":623420276,"title":"Shopping Cart Template","order":5,"templateKey":"cart","customTemplate":false,"customTemplateFilename":null,"pageLinks":[],"dateCreated":"2024-02-19T20:39:20.388Z","dateUpdated":"2024-02-19T20:39:21.399Z","folderId":null,"pageName":"Shopping Cart Template","serverPageId":null,"sectionCount":1,"status":2,"backwardUrl":null},{"id":469009689,"title":"Checkout Template","order":6,"templateKey":"checkout","customTemplate":false,"customTemplateFilename":null,"pageLinks":[],"dateCreated":"2024-02-19T20:39:20.576Z","dateUpdated":"2024-02-19T20:39:21.399Z","folderId":null,"pageName":"Checkout Template","serverPageId":null,"sectionCount":1,"status":2,"backwardUrl":null},{"id":4323257,"title":"Login Template","order":7,"templateKey":"login","customTemplate":false,"customTemplateFilename":null,"pageLinks":[],"dateCreated":"2024-02-19T20:39:20.690Z","dateUpdated":"2024-02-19T20:39:21.399Z","folderId":null,"pageName":"Login Template","serverPageId":null,"sectionCount":1,"status":2,"backwardUrl":null},{"id":253211509,"title":"Search Page Template","order":8,"templateKey":"Search","customTemplate":false,"customTemplateFilename":null,"pageLinks":[],"dateCreated":"2024-02-19T20:39:20.782Z","dateUpdated":"2024-02-19T20:39:21.399Z","folderId":null,"pageName":"Search Page Template","serverPageId":null,"sectionCount":1,"status":2,"backwardUrl":null},{"id":576513160,"title":"Page Password Template","order":9,"templateKey":"password","customTemplate":false,"customTemplateFilename":null,"pageLinks":[],"dateCreated":"2024-02-19T20:39:20.869Z","dateUpdated":"2024-02-19T20:39:21.399Z","folderId":null,"pageName":"Page Password Template","serverPageId":null,"sectionCount":1,"status":2,"backwardUrl":null},{"id":294128828,"title":"404 Not Found Template","order":10,"templateKey":"404","customTemplate":false,"customTemplateFilename":null,"pageLinks":[],"dateCreated":"2024-02-19T20:39:20.948Z","dateUpdated":"2024-02-19T20:39:21.400Z","folderId":null,"pageName":"404 Not Found Template","serverPageId":null,"sectionCount":1,"status":2,"backwardUrl":null},{"id":44576061,"title":"Thank You Page Template","order":11,"templateKey":"ThankYou","customTemplate":false,"customTemplateFilename":null,"pageLinks":[],"dateCreated":"2024-02-19T20:39:21.007Z","dateUpdated":"2024-02-19T20:39:21.400Z","folderId":null,"pageName":"Thank You Page Template","serverPageId":null,"sectionCount":1,"status":2,"backwardUrl":null},{"id":197495934,"title":"Anasayfa","order":106,"templateKey":null,"customTemplate":false,"customTemplateFilename":null,"pageLinks":["197495934","892301088","34369534","873918735","1072718343","25533878","46417600","289807831","3015910974","277619326","2","5","1"],"dateCreated":"2025-01-14T10:16:42.843Z","dateUpdated":"2025-02-11T05:16:13.403Z","folderId":null,"pageName":"Anasayfa_197495934","serverPageId":null,"sectionCount":9,"status":2,"backwardUrl":null},{"id":46694690,"title":"UMEB","order":107,"templateKey":null,"customTemplate":false,"customTemplateFilename":null,"pageLinks":["197495934","867018198","34369534","873918735","1072718343","25533878","892301088","46417600","289807831","3015910974","277619326","46694690","59154193","735530317","786628477","1959824349","232400221","175368092","812002730"],"dateCreated":"2025-01-14T12:54:41.686Z","dateUpdated":"2025-02-11T05:28:41.667Z","folderId":null,"pageName":"UMEB_46694690","serverPageId":null,"sectionCount":7,"status":2,"backwardUrl":null},{"id":2346412227,"title":"Sayfa 4","order":108,"templateKey":null,"customTemplate":false,"customTemplateFilename":null,"pageLinks":[],"dateCreated":"2025-01-14T13:53:47.352Z","dateUpdated":"2025-01-24T20:30:41.344Z","folderId":null,"pageName":"Sayfa 4_2346412227","serverPageId":null,"sectionCount":4,"status":2,"backwardUrl":null},{"id":560302209,"title":"Ana3","order":109,"templateKey":null,"customTemplate":false,"customTemplateFilename":null,"pageLinks":[],"dateCreated":"2025-01-26T09:17:34.081Z","dateUpdated":"2025-01-26T09:27:56.057Z","folderId":null,"pageName":"Ana3_560302209","serverPageId":null,"sectionCount":8,"status":2,"backwardUrl":null},{"id":892301088,"title":"SSS_Hakkinda","order":110,"templateKey":null,"customTemplate":false,"customTemplateFilename":null,"pageLinks":["197495934","34369534","873918735","1072718343","25533878","892301088","46417600","289807831","3015910974","277619326"],"dateCreated":"2025-01-26T13:46:15.264Z","dateUpdated":"2025-02-11T08:49:59.299Z","folderId":null,"pageName":"SSS_Hakkinda_892301088","serverPageId":null,"sectionCount":5,"status":2,"backwardUrl":null},{"id":289807831,"title":"SSS","order":111,"templateKey":null,"customTemplate":false,"customTemplateFilename":null,"pageLinks":["197495934","34369534","873918735","1072718343","25533878","892301088","46417600","289807831","3015910974","277619326"],"dateCreated":"2025-01-26T13:56:35.423Z","dateUpdated":"2025-02-07T06:57:10.588Z","folderId":null,"pageName":"SSS_289807831","serverPageId":null,"sectionCount":5,"status":2,"backwardUrl":null},{"id":85418549,"title":"SSS_Benler","order":112,"templateKey":null,"customTemplate":false,"customTemplateFilename":null,"pageLinks":[],"dateCreated":"2025-01-26T15:12:52.960Z","dateUpdated":"2025-01-28T06:28:21.546Z","folderId":null,"pageName":"SSS_Benler_85418549","serverPageId":null,"sectionCount":6,"status":2,"backwardUrl":null},{"id":277619326,"title":"SSS_VLOG","order":113,"templateKey":null,"customTemplate":false,"customTemplateFilename":null,"pageLinks":["197495934","34369534","873918735","1072718343","25533878","892301088","46417600","289807831","3015910974","277619326"],"dateCreated":"2025-01-26T20:12:52.413Z","dateUpdated":"2025-02-07T06:56:34.586Z","folderId":null,"pageName":"SSS_VLOG_277619326","serverPageId":null,"sectionCount":3,"status":2,"backwardUrl":null},{"id":46417600,"title":"SSS_Muayene","order":114,"templateKey":null,"customTemplate":false,"customTemplateFilename":null,"pageLinks":["197495934","34369534","873918735","1072718343","25533878","892301088","46417600","289807831","3015910974","277619326"],"dateCreated":"2025-01-27T15:02:22.447Z","dateUpdated":"2025-02-11T10:09:15.920Z","folderId":null,"pageName":"SSS_Muayene_46417600","serverPageId":null,"sectionCount":5,"status":2,"backwardUrl":null},{"id":59154193,"title":"UMED","order":115,"templateKey":null,"customTemplate":false,"customTemplateFilename":null,"pageLinks":["197495934","867018198","34369534","46694690","59154193","735530317","786628477","1959824349","232400221","175368092","812002730","1","6","5"],"dateCreated":"2025-01-29T14:28:48.840Z","dateUpdated":"2025-02-02T06:38:28.536Z","folderId":null,"pageName":"UMED_59154193","serverPageId":null,"sectionCount":7,"status":2,"backwardUrl":null},{"id":735530317,"title":"UMEK","order":116,"templateKey":null,"customTemplate":false,"customTemplateFilename":null,"pageLinks":["197495934","867018198","34369534","46694690","59154193","735530317","786628477","1959824349","232400221","175368092","812002730","1","6","5"],"dateCreated":"2025-01-31T08:47:05.979Z","dateUpdated":"2025-02-02T06:41:25.376Z","folderId":null,"pageName":"UMEK_735530317","serverPageId":null,"sectionCount":7,"status":2,"backwardUrl":null},{"id":2414630284,"title":"BAGISIKLIK","order":117,"templateKey":null,"customTemplate":false,"customTemplateFilename":null,"pageLinks":["197495934","1","6","5"],"dateCreated":"2025-01-31T08:47:50.143Z","dateUpdated":"2025-01-31T08:50:25.940Z","folderId":null,"pageName":"BAGISIKLIK_2414630284","serverPageId":null,"sectionCount":6,"status":2,"backwardUrl":null},{"id":786628477,"title":"UMEM","order":119,"templateKey":null,"customTemplate":false,"customTemplateFilename":null,"pageLinks":["197495934","867018198","34369534","46694690","59154193","735530317","786628477","1959824349","232400221","175368092","812002730","1","6","5"],"dateCreated":"2025-01-31T08:52:51.942Z","dateUpdated":"2025-02-02T06:43:48.852Z","folderId":null,"pageName":"UMEM_786628477","serverPageId":null,"sectionCount":7,"status":2,"backwardUrl":null},{"id":1959824349,"title":"UMEG","order":120,"templateKey":null,"customTemplate":false,"customTemplateFilename":null,"pageLinks":["197495934","867018198","34369534","46694690","59154193","735530317","786628477","1959824349","232400221","175368092","812002730","1","6","5"],"dateCreated":"2025-01-31T08:53:58.600Z","dateUpdated":"2025-02-02T06:39:22.830Z","folderId":null,"pageName":"UMEG_1959824349","serverPageId":null,"sectionCount":7,"status":2,"backwardUrl":null},{"id":232400221,"title":"UMEGID","order":121,"templateKey":null,"customTemplate":false,"customTemplateFilename":null,"pageLinks":["197495934","867018198","34369534","873918735","1072718343","25533878","892301088","46417600","289807831","3015910974","277619326","46694690","59154193","735530317","786628477","1959824349","232400221","175368092","812002730","1","6","5"],"dateCreated":"2025-01-31T08:54:34.056Z","dateUpdated":"2025-02-11T08:15:40.285Z","folderId":null,"pageName":"UMEGID_232400221","serverPageId":null,"sectionCount":7,"status":2,"backwardUrl":null},{"id":175368092,"title":"UMES","order":122,"templateKey":null,"customTemplate":false,"customTemplateFilename":null,"pageLinks":["197495934","867018198","34369534","873918735","1072718343","25533878","892301088","46417600","289807831","3015910974","277619326","46694690","59154193","735530317","786628477","1959824349","232400221","175368092","812002730","1","6","5"],"dateCreated":"2025-01-31T08:54:55.750Z","dateUpdated":"2025-02-11T05:39:52.766Z","folderId":null,"pageName":"UMES_175368092","serverPageId":null,"sectionCount":7,"status":2,"backwardUrl":null},{"id":812002730,"title":"UMEL","order":123,"templateKey":null,"customTemplate":false,"customTemplateFilename":null,"pageLinks":["197495934","867018198","34369534","873918735","1072718343","25533878","892301088","46417600","289807831","3015910974","277619326","46694690","59154193","735530317","786628477","1959824349","232400221","175368092","812002730","1","6","5"],"dateCreated":"2025-01-31T08:55:17.035Z","dateUpdated":"2025-02-11T05:33:04.338Z","folderId":null,"pageName":"UMEL_812002730","serverPageId":null,"sectionCount":7,"status":2,"backwardUrl":null},{"id":340702800,"title":"UTEF","order":124,"templateKey":null,"customTemplate":false,"customTemplateFilename":null,"pageLinks":["197495934","2414630284","61726712","34369534","873918735","1072718343","25533878","892301088","46417600","289807831","3015910974","277619326","340702800","71016637","773719422","1","6","5"],"dateCreated":"2025-01-31T08:56:26.904Z","dateUpdated":"2025-02-04T20:44:24.527Z","folderId":null,"pageName":"UTEF_340702800","serverPageId":null,"sectionCount":7,"status":2,"backwardUrl":null},{"id":98222265,"title":"UTEQ_IPTAL","order":126,"templateKey":null,"customTemplate":false,"customTemplateFilename":null,"pageLinks":["197495934","2414630284","61726712","34369534","873918735","1072718343","25533878","892301088","46417600","289807831","3015910974","277619326","340702800","773719422","71016637","1","6","5"],"dateCreated":"2025-01-31T08:58:22.920Z","dateUpdated":"2025-02-04T20:46:08.955Z","folderId":null,"pageName":"UTEQ_IPTAL_98222265","serverPageId":null,"sectionCount":7,"status":2,"backwardUrl":null},{"id":71016637,"title":"UTEM","order":127,"templateKey":null,"customTemplate":false,"customTemplateFilename":null,"pageLinks":["197495934","2414630284","61726712","34369534","873918735","1072718343","25533878","892301088","46417600","289807831","3015910974","277619326","340702800","71016637","773719422","1","6","5"],"dateCreated":"2025-01-31T08:58:48.029Z","dateUpdated":"2025-02-04T20:44:52.472Z","folderId":null,"pageName":"UTEM_71016637","serverPageId":null,"sectionCount":7,"status":2,"backwardUrl":null},{"id":773719422,"title":"UTEP","order":128,"templateKey":null,"customTemplate":false,"customTemplateFilename":null,"pageLinks":["197495934","2414630284","61726712","34369534","873918735","1072718343","25533878","892301088","46417600","289807831","3015910974","277619326","340702800","71016637","773719422","1","6","5"],"dateCreated":"2025-01-31T08:59:41.514Z","dateUpdated":"2025-02-04T20:45:34.621Z","folderId":null,"pageName":"UTEP_773719422","serverPageId":null,"sectionCount":7,"status":2,"backwardUrl":null},{"id":43467046,"title":"UTEA_IPTAL","order":129,"templateKey":null,"customTemplate":false,"customTemplateFilename":null,"pageLinks":["197495934","2414630284","61726712","34369534","873918735","1072718343","25533878","892301088","46417600","289807831","3015910974","277619326","340702800","71016637","773719422","1","6","5"],"dateCreated":"2025-01-31T09:00:19.366Z","dateUpdated":"2025-02-04T20:46:40.979Z","folderId":null,"pageName":"UTEA_IPTAL_43467046","serverPageId":null,"sectionCount":7,"status":2,"backwardUrl":null},{"id":1513409862,"title":"GUZEM","order":131,"templateKey":null,"customTemplate":false,"customTemplateFilename":null,"pageLinks":["197495934","2414630284","236402235","1513409862","35587824","1289900601","1","6","5"],"dateCreated":"2025-01-31T09:02:37.096Z","dateUpdated":"2025-02-02T06:24:57.141Z","folderId":null,"pageName":"GUZEM_1513409862","serverPageId":null,"sectionCount":8,"status":2,"backwardUrl":null},{"id":35587824,"title":"GUZAK","order":132,"templateKey":null,"customTemplate":false,"customTemplateFilename":null,"pageLinks":["197495934","2414630284","236402235","1513409862","35587824","1289900601","1","6","5"],"dateCreated":"2025-01-31T09:03:33.543Z","dateUpdated":"2025-02-02T06:23:08.304Z","folderId":null,"pageName":"GUZAK_35587824","serverPageId":null,"sectionCount":7,"status":2,"backwardUrl":null},{"id":1289900601,"title":"GUZAN","order":133,"templateKey":null,"customTemplate":false,"customTemplateFilename":null,"pageLinks":["197495934","2414630284","236402235","1513409862","35587824","1289900601","1","6","5"],"dateCreated":"2025-01-31T09:03:58.748Z","dateUpdated":"2025-02-02T06:24:01.941Z","folderId":null,"pageName":"GUZAN_1289900601","serverPageId":null,"sectionCount":7,"status":2,"backwardUrl":null},{"id":867018198,"title":"UYGULAMALAR","order":134,"templateKey":null,"customTemplate":false,"customTemplateFilename":null,"pageLinks":["197495934","2414630284","34369534","873918735","1072718343","25533878","892301088","46417600","289807831","3015910974","277619326","46694690","59154193","735530317","786628477","1959824349","232400221","175368092","812002730","340702800","71016637","773719422","1513409862","35587824","1289900601","173150895","554615467","12375760","1526124516","212816470","67791642","719428922","23562581","363927540","42709026","56319218","1","6","5"],"dateCreated":"2025-01-31T09:04:54.558Z","dateUpdated":"2025-02-06T15:44:24.578Z","folderId":null,"pageName":"UYGULAMALAR_867018198","serverPageId":null,"sectionCount":8,"status":2,"backwardUrl":null},{"id":67791642,"title":"BAGUG","order":135,"templateKey":null,"customTemplate":false,"customTemplateFilename":null,"pageLinks":["197495934","867018198","25533878","67791642","719428922","23562581","363927540","42709026","56319218","1","6","5"],"dateCreated":"2025-01-31T09:05:46.549Z","dateUpdated":"2025-02-02T06:21:01.582Z","folderId":null,"pageName":"BAGUG_67791642","serverPageId":null,"sectionCount":7,"status":2,"backwardUrl":null},{"id":719428922,"title":"BAGUC","order":136,"templateKey":null,"customTemplate":false,"customTemplateFilename":null,"pageLinks":["197495934","867018198","25533878","67791642","719428922","23562581","363927540","56319218","42709026","1","6","5"],"dateCreated":"2025-01-31T09:06:50.420Z","dateUpdated":"2025-02-02T06:20:46.182Z","folderId":null,"pageName":"BAGUC_719428922","serverPageId":null,"sectionCount":7,"status":2,"backwardUrl":null},{"id":23562581,"title":"BAGUA","order":137,"templateKey":null,"customTemplate":false,"customTemplateFilename":null,"pageLinks":["197495934","867018198","25533878","67791642","719428922","23562581","363927540","56319218","42709026","1","6","5"],"dateCreated":"2025-01-31T09:07:24.433Z","dateUpdated":"2025-02-02T06:20:19.147Z","folderId":null,"pageName":"BAGUA_23562581","serverPageId":null,"sectionCount":7,"status":2,"backwardUrl":null},{"id":363927540,"title":"BAGUM","order":138,"templateKey":null,"customTemplate":false,"customTemplateFilename":null,"pageLinks":["197495934","867018198","25533878","67791642","719428922","23562581","363927540","56319218","42709026","1","6","5"],"dateCreated":"2025-01-31T09:07:52.819Z","dateUpdated":"2025-02-02T06:21:29.990Z","folderId":null,"pageName":"BAGUM_363927540","serverPageId":null,"sectionCount":7,"status":2,"backwardUrl":null},{"id":42709026,"title":"BAGUN","order":139,"templateKey":null,"customTemplate":false,"customTemplateFilename":null,"pageLinks":["197495934","867018198","25533878","67791642","719428922","23562581","363927540","56319218","42709026","1","6","5"],"dateCreated":"2025-01-31T09:08:21.851Z","dateUpdated":"2025-02-02T06:21:59.926Z","folderId":null,"pageName":"BAGUN_42709026","serverPageId":null,"sectionCount":7,"status":2,"backwardUrl":null},{"id":56319218,"title":"BAGOZ","order":140,"templateKey":null,"customTemplate":false,"customTemplateFilename":null,"pageLinks":["197495934","867018198","25533878","34369534","873918735","1072718343","892301088","46417600","289807831","3015910974","277619326","67791642","719428922","23562581","363927540","56319218","42709026","1","6","5"],"dateCreated":"2025-01-31T09:08:59.930Z","dateUpdated":"2025-02-04T20:57:29.700Z","folderId":null,"pageName":"BAGOZ_56319218","serverPageId":null,"sectionCount":7,"status":2,"backwardUrl":null},{"id":25533878,"title":"UB","order":141,"templateKey":null,"customTemplate":false,"customTemplateFilename":null,"pageLinks":["197495934","867018198","34369534","873918735","1072718343","25533878","892301088","46417600","289807831","3015910974","277619326","67791642","719428922","23562581","363927540","56319218","42709026","1","6","5"],"dateCreated":"2025-02-01T06:24:01.794Z","dateUpdated":"2025-02-07T06:57:26.890Z","folderId":null,"pageName":"UB_25533878","serverPageId":null,"sectionCount":4,"status":2,"backwardUrl":null},{"id":34369534,"title":"UM","order":142,"templateKey":null,"customTemplate":false,"customTemplateFilename":null,"pageLinks":["197495934","867018198","34369534","873918735","1072718343","25533878","892301088","46417600","289807831","3015910974","277619326","46694690","59154193","735530317","786628477","1959824349","232400221","175368092","812002730","1","6","5"],"dateCreated":"2025-02-01T06:25:17.688Z","dateUpdated":"2025-02-07T06:58:14.302Z","folderId":null,"pageName":"UM_34369534","serverPageId":null,"sectionCount":4,"status":2,"backwardUrl":null},{"id":873918735,"title":"UT","order":143,"templateKey":null,"customTemplate":false,"customTemplateFilename":null,"pageLinks":["197495934","867018198","34369534","873918735","1072718343","25533878","892301088","46417600","289807831","3015910974","277619326","340702800","71016637","773719422","1","6","5"],"dateCreated":"2025-02-01T06:26:02.155Z","dateUpdated":"2025-02-07T06:58:31.400Z","folderId":null,"pageName":"UT_873918735","serverPageId":null,"sectionCount":4,"status":2,"backwardUrl":null},{"id":1072718343,"title":"UG","order":144,"templateKey":null,"customTemplate":false,"customTemplateFilename":null,"pageLinks":["197495934","867018198","34369534","873918735","1072718343","25533878","892301088","46417600","289807831","3015910974","277619326","1513409862","35587824","1289900601","1","6","5"],"dateCreated":"2025-02-01T06:26:34.360Z","dateUpdated":"2025-02-07T06:57:42.771Z","folderId":null,"pageName":"UG_1072718343","serverPageId":null,"sectionCount":4,"status":2,"backwardUrl":null},{"id":2293230982,"title":"SSS_Hakkinda2_Testler","order":145,"templateKey":null,"customTemplate":false,"customTemplateFilename":null,"pageLinks":["197495934"],"dateCreated":"2025-02-01T10:17:18.845Z","dateUpdated":"2025-02-01T10:17:30.289Z","folderId":null,"pageName":"SSS_Hakkinda2_Testler_2293230982","serverPageId":null,"sectionCount":7,"status":2,"backwardUrl":null},{"id":205399038,"title":"SSS_iletisim","order":146,"templateKey":null,"customTemplate":false,"customTemplateFilename":null,"pageLinks":["197495934","34369534","873918735","1072718343","25533878","892301088","46417600","289807831","3015910974","277619326"],"dateCreated":"2025-02-04T20:12:37.368Z","dateUpdated":"2025-02-07T06:54:18.550Z","folderId":null,"pageName":"SSS_iletisim_205399038","serverPageId":null,"sectionCount":4,"status":2,"backwardUrl":null},{"id":403917625,"title":"UT2","order":147,"templateKey":null,"customTemplate":false,"customTemplateFilename":null,"pageLinks":["867018198","340702800","98222265","71016637","773719422","1","6","5"],"dateCreated":"2025-02-04T20:40:21.864Z","dateUpdated":"2025-02-04T20:40:22.242Z","folderId":null,"pageName":"UT2_403917625","serverPageId":null,"sectionCount":4,"status":2,"backwardUrl":null},{"id":173150895,"title":"UGETA","order":148,"templateKey":null,"customTemplate":false,"customTemplateFilename":null,"pageLinks":["197495934","867018198","86714482","34369534","873918735","1072718343","25533878","892301088","46417600","289807831","3015910974","277619326","173150895","554615467","12375760","1526124516","212816470","1","6","5"],"dateCreated":"2025-02-06T15:37:33.047Z","dateUpdated":"2025-02-07T07:02:25.533Z","folderId":null,"pageName":"UGETA_173150895","serverPageId":null,"sectionCount":7,"status":2,"backwardUrl":null},{"id":86714482,"title":"UGE","order":150,"templateKey":null,"customTemplate":false,"customTemplateFilename":null,"pageLinks":["197495934","867018198","34369534","873918735","1072718343","25533878","892301088","46417600","289807831","3015910974","277619326","173150895","554615467","12375760","1526124516","212816470","1","6","5"],"dateCreated":"2025-02-06T15:39:44.601Z","dateUpdated":"2025-02-07T06:58:02.541Z","folderId":null,"pageName":"UGE_86714482","serverPageId":null,"sectionCount":4,"status":2,"backwardUrl":null},{"id":554615467,"title":"UGETO","order":151,"templateKey":null,"customTemplate":false,"customTemplateFilename":null,"pageLinks":["197495934","867018198","86714482","34369534","873918735","1072718343","25533878","892301088","46417600","289807831","3015910974","277619326","173150895","554615467","12375760","1526124516","212816470","1","6","5"],"dateCreated":"2025-02-06T15:41:53.460Z","dateUpdated":"2025-02-07T05:29:12.705Z","folderId":null,"pageName":"UGETO_554615467","serverPageId":null,"sectionCount":7,"status":2,"backwardUrl":null},{"id":12375760,"title":"UGETS","order":152,"templateKey":null,"customTemplate":false,"customTemplateFilename":null,"pageLinks":["197495934","867018198","86714482","34369534","873918735","1072718343","25533878","892301088","46417600","289807831","3015910974","277619326","173150895","554615467","12375760","1526124516","212816470","1","6","5"],"dateCreated":"2025-02-06T15:42:11.801Z","dateUpdated":"2025-02-07T05:30:44.335Z","folderId":null,"pageName":"UGETS_12375760","serverPageId":null,"sectionCount":7,"status":2,"backwardUrl":null},{"id":1526124516,"title":"UGETH","order":153,"templateKey":null,"customTemplate":false,"customTemplateFilename":null,"pageLinks":["197495934","867018198","86714482","34369534","873918735","1072718343","25533878","892301088","46417600","289807831","3015910974","277619326","173150895","554615467","12375760","1526124516","212816470","1","6","5"],"dateCreated":"2025-02-06T15:42:27.787Z","dateUpdated":"2025-02-07T05:28:34.004Z","folderId":null,"pageName":"UGETH_1526124516","serverPageId":null,"sectionCount":7,"status":2,"backwardUrl":null},{"id":212816470,"title":"UGETHO","order":154,"templateKey":null,"customTemplate":false,"customTemplateFilename":null,"pageLinks":["197495934","867018198","86714482","34369534","873918735","1072718343","25533878","892301088","46417600","289807831","3015910974","277619326","173150895","554615467","12375760","1526124516","212816470","1","6","5"],"dateCreated":"2025-02-06T15:42:46.828Z","dateUpdated":"2025-02-07T05:31:30.172Z","folderId":null,"pageName":"UGETHO_212816470","serverPageId":null,"sectionCount":7,"status":2,"backwardUrl":null}]